id,n_iso,n_fp,sdf_min
COMMERCIALcastle_mesh0365,779,333,-0.0502
COMMERCIALcastle_mesh0904,1200,335,-0.0353
COMMERCIALcastle_mesh2985,5621,1544,-0.0628
COMMERCIALchurch_mesh3158,627,169,-0.0529
COMMERCIALcity_hall_mesh0106,2080,277,-0.1916
COMMERCIALcity_hall_mesh0258,2386,689,-0.0604
COMMERCIALcity_hall_mesh0527,352,314,-0.0086
COMMERCIALfactory_mesh1454,15087,1391,-0.2404
COMMERCIALhotel_building_mesh0075,40318,1777,-0.3641
COMMERCIALhotel_building_mesh0130,12889,1507,-0.1805
COMMERCIALhotel_building_mesh0139,3434,334,-0.0821
COMMERCIALhotel_building_mesh0162,266,189,-0.0099
COMMERCIALhotel_building_mesh0215,5647,586,-0.1264
COMMERCIALhotel_building_mesh0295,7316,401,-0.2516
COMMERCIALhotel_building_mesh0302,159,112,-0.0134
COMMERCIALhotel_building_mesh0328,4007,915,-0.2076
COMMERCIALhotel_building_mesh0461,251,116,-0.0112
COMMERCIALhotel_building_mesh0504,4107,433,-0.0383
COMMERCIALhotel_building_mesh0520,973,84,-0.0680
COMMERCIALhotel_building_mesh0555,50,35,-0.0106
COMMERCIALhotel_building_mesh0678,3407,173,-0.0783
COMMERCIALhotel_building_mesh0900,1408,56,-0.0764
COMMERCIALhotel_building_mesh1154,177,103,-0.0043
COMMERCIALhotel_building_mesh1211,10087,1333,-0.1338
COMMERCIALhotel_building_mesh1240,17984,795,-0.2765
COMMERCIALhotel_building_mesh1285,2128,165,-0.1079
COMMERCIALhouse_mesh0798,14092,1215,-0.2808
COMMERCIALhouse_mesh2682,518,194,-0.0133
COMMERCIALhouse_mesh3602,360,196,-0.0180
COMMERCIALhouse_mesh5334,9703,766,-0.2598
COMMERCIALhouse_mesh6281,757,119,-0.0193
COMMERCIALhouse_mesh6570,4593,2107,-0.0775
COMMERCIALhouse_mesh6823,2986,865,-0.0723
COMMERCIALhouse_mesh7536,704,509,-0.0173
COMMERCIALhouse_mesh7736,4121,314,-0.1123
COMMERCIALmuseum_mesh0025,387,85,-0.0241
COMMERCIALmuseum_mesh0079,2653,429,-0.0959
COMMERCIALmuseum_mesh0112,237,127,-0.0338
COMMERCIALmuseum_mesh0336,6444,941,-0.1001
COMMERCIALmuseum_mesh0339,167,112,-0.0124
COMMERCIALmuseum_mesh1018,15739,1444,-0.2801
COMMERCIALmuseum_mesh2219,149,86,-0.0083
COMMERCIALoffice_building_mesh0028,4265,1191,-0.0276
COMMERCIALoffice_building_mesh0038,2064,491,-0.0766
COMMERCIALoffice_building_mesh0057,864,612,-0.0184
COMMERCIALoffice_building_mesh0126,6847,297,-0.1380
COMMERCIALoffice_building_mesh0160,351,120,-0.0134
COMMERCIALoffice_building_mesh0166,1789,520,-0.0154
COMMERCIALoffice_building_mesh0197,7350,650,-0.2259
COMMERCIALoffice_building_mesh0234,8079,239,-0.2085
COMMERCIALoffice_building_mesh0246,5717,223,-0.1285
COMMERCIALoffice_building_mesh0249,332,162,-0.0084
COMMERCIALoffice_building_mesh0274,10853,276,-0.2512
COMMERCIALoffice_building_mesh0330,206,125,-0.0351
COMMERCIALoffice_building_mesh0394,1507,739,-0.0375
COMMERCIALoffice_building_mesh0490,426,181,-0.0392
COMMERCIALoffice_building_mesh0512,469,229,-0.0154
COMMERCIALoffice_building_mesh0604,11998,306,-0.2234
COMMERCIALoffice_building_mesh0640,11,6,-0.0296
COMMERCIALoffice_building_mesh0781,83,59,-0.0068
COMMERCIALoffice_building_mesh0843,247,67,-0.0090
COMMERCIALoffice_building_mesh0853,32892,1607,-0.2868
COMMERCIALoffice_building_mesh0856,6934,1323,-0.1566
COMMERCIALoffice_building_mesh0884,124,60,-0.0109
COMMERCIALoffice_building_mesh0978,874,306,-0.0582
COMMERCIALoffice_building_mesh1103,145,75,-0.0169
COMMERCIALoffice_building_mesh1119,11516,981,-0.2893
COMMERCIALoffice_building_mesh1242,32744,1029,-0.4498
COMMERCIALoffice_building_mesh1259,1746,79,-0.0970
COMMERCIALoffice_building_mesh1322,1473,178,-0.1100
COMMERCIALoffice_building_mesh1345,188,175,-0.0078
COMMERCIALoffice_building_mesh1502,208,95,-0.0239
COMMERCIALoffice_building_mesh1571,561,193,-0.0124
COMMERCIALoffice_building_mesh1582,1676,606,-0.1040
COMMERCIALoffice_building_mesh1616,3811,1619,-0.1004
COMMERCIALoffice_building_mesh1702,53,53,-0.0029
COMMERCIALoffice_building_mesh1767,54,37,-0.0099
COMMERCIALoffice_building_mesh1785,21573,539,-0.2557
COMMERCIALoffice_building_mesh1837,1925,354,-0.1083
COMMERCIALoffice_building_mesh1861,84,73,-0.0071
COMMERCIALoffice_building_mesh1875,1320,355,-0.0575
COMMERCIALoffice_building_mesh2060,33321,1124,-0.3461
COMMERCIALoffice_building_mesh2098,621,331,-0.0188
COMMERCIALoffice_building_mesh2128,1011,634,-0.0341
COMMERCIALoffice_building_mesh2148,22969,1195,-0.3805
COMMERCIALoffice_building_mesh2206,3089,473,-0.1241
COMMERCIALoffice_building_mesh2227,1895,69,-0.1065
COMMERCIALoffice_building_mesh2247,11015,599,-0.1950
COMMERCIALoffice_building_mesh2261,1169,172,-0.1220
COMMERCIALoffice_building_mesh2383,9266,815,-0.2193
COMMERCIALoffice_building_mesh2487,142,101,-0.0180
COMMERCIALoffice_building_mesh2529,885,165,-0.0115
COMMERCIALoffice_building_mesh2574,7350,309,-0.2094
COMMERCIALoffice_building_mesh2604,301,65,-0.0301
COMMERCIALoffice_building_mesh2835,2737,479,-0.1222
COMMERCIALoffice_building_mesh2859,21911,853,-0.1977
COMMERCIALoffice_building_mesh2982,632,285,-0.0132
COMMERCIALoffice_building_mesh3102,18355,1138,-0.2581
COMMERCIALoffice_building_mesh3109,258,144,-0.0168
COMMERCIALoffice_building_mesh3164,2350,682,-0.0678
COMMERCIALoffice_building_mesh3273,9,4,-0.0027
COMMERCIALoffice_building_mesh3311,169,72,-0.0059
COMMERCIALoffice_building_mesh3586,4164,360,-0.0268
COMMERCIALoffice_building_mesh3616,1955,320,-0.0896
COMMERCIALoffice_building_mesh3618,5780,155,-0.2059
COMMERCIALoffice_building_mesh3619,4130,131,-0.1665
COMMERCIALoffice_building_mesh3666,7828,1158,-0.1373
COMMERCIALoffice_building_mesh3729,224,216,-0.0115
COMMERCIALpalace_mesh0584,7591,761,-0.1783
COMMERCIALpalace_mesh0662,3277,759,-0.0465
COMMERCIALpalace_mesh0686,9928,1019,-0.1522
COMMERCIALpalace_mesh1011,10614,1054,-0.1829
COMMERCIALpalace_mesh1075,12179,1159,-0.1879
COMMERCIALpalace_mesh1097,25576,714,-0.2479
COMMERCIALpalace_mesh1272,6665,1137,-0.1655
COMMERCIALpalace_mesh1314,365,243,-0.0248
COMMERCIALpalace_mesh1393,106,21,-0.0292
COMMERCIALschool_building_mesh0043,16879,1594,-0.2464
COMMERCIALtemple_mesh0758,382,184,-0.0392
COMMERCIALtemple_mesh0760,818,242,-0.0583
COMMERCIALvilla_mesh0846,6798,275,-0.1835
COMMERCIALvilla_mesh2315,1747,473,-0.0993
COMMERCIALvilla_mesh2324,4648,1715,-0.1510
PUBLICcastle_mesh0120,151,88,-0.0062
PUBLICcastle_mesh2399,9766,1266,-0.1382
PUBLICcastle_mesh2583,234,201,-0.0164
PUBLICcastle_mesh3057,314,218,-0.0176
PUBLICcastle_mesh3328,12,8,-0.0258
PUBLICchurch_mesh2363,3530,751,-0.2401
PUBLICcity_hall_mesh0451,6450,808,-0.1521
PUBLICcity_hall_mesh0607,211,119,-0.0097
PUBLICfactory_mesh0697,365,292,-0.0226
PUBLICfactory_mesh0802,1254,443,-0.0521
PUBLIChotel_building_mesh0246,320,58,-0.0131
PUBLIChotel_building_mesh0365,692,648,-0.0083
PUBLIChotel_building_mesh0895,260,109,-0.0197
PUBLIChouse_mesh0094,230,104,-0.0448
PUBLIChouse_mesh3576,614,560,-0.0121
PUBLICmonastery_mesh0235,249,164,-0.0133
PUBLICmuseum_mesh0046,8368,741,-0.1548
PUBLICmuseum_mesh0050,469,151,-0.0604
PUBLICmuseum_mesh0082,6243,1065,-0.1067
PUBLICmuseum_mesh0147,152,84,-0.0081
PUBLICmuseum_mesh0409,67,41,-0.0115
PUBLICmuseum_mesh0501,3456,704,-0.1298
PUBLICmuseum_mesh0739,331,152,-0.0330
PUBLICmuseum_mesh0812,1031,536,-0.0346
PUBLICmuseum_mesh2262,230,162,-0.0192
PUBLICmuseum_mesh2295,3184,1367,-0.0532
PUBLICoffice_building_mesh0008,4049,821,-0.0835
PUBLICoffice_building_mesh0223,4625,919,-0.1024
PUBLICoffice_building_mesh0225,160,104,-0.0089
PUBLICoffice_building_mesh0248,328,211,-0.0284
PUBLICoffice_building_mesh2009,2937,700,-0.1711
PUBLICoffice_building_mesh2632,296,136,-0.0179
PUBLICoffice_building_mesh3131,284,176,-0.0436
PUBLICoffice_building_mesh3229,11609,1165,-0.2038
PUBLICoffice_building_mesh3669,261,168,-0.0118
PUBLICpalace_mesh0085,251,150,-0.0552
PUBLICpalace_mesh0682,573,345,-0.0394
PUBLICpalace_mesh0858,452,263,-0.0190
PUBLICpalace_mesh0900,3478,674,-0.1358
PUBLICpalace_mesh0982,362,194,-0.0432
PUBLICpalace_mesh1165,149,108,-0.0327
PUBLICpalace_mesh1398,6153,722,-0.1603
PUBLICpalace_mesh1461,408,270,-0.0110
PUBLICpalace_mesh1475,8120,819,-0.1386
PUBLICpalace_mesh1493,522,263,-0.0528
PUBLICschool_building_mesh0034,248,177,-0.0133
PUBLICschool_building_mesh0082,617,400,-0.0375
PUBLICschool_building_mesh0155,8401,907,-0.1895
PUBLICschool_building_mesh0260,6451,913,-0.1162
PUBLICschool_building_mesh0344,2013,423,-0.1515
PUBLICschool_building_mesh0889,266,111,-0.0129
PUBLICschool_building_mesh1131,1274,342,-0.0621
PUBLICschool_building_mesh1289,6696,1162,-0.1132
PUBLICvilla_mesh3962,6757,1184,-0.0910
PUBLICvilla_mesh5783,95,89,-0.0062
PUBLICvilla_mesh6414,5410,665,-0.1530
RELIGIOUScastle_mesh0107,4502,578,-0.0967
RELIGIOUScastle_mesh0349,599,232,-0.0879
RELIGIOUScastle_mesh0692,410,167,-0.0543
RELIGIOUScastle_mesh3136,990,300,-0.0717
RELIGIOUScastle_mesh3372,94,66,-0.0174
RELIGIOUScathedral_mesh0045,331,104,-0.0628
RELIGIOUScathedral_mesh0049,251,181,-0.0091
RELIGIOUScathedral_mesh0066,490,219,-0.0415
RELIGIOUScathedral_mesh0085,4764,321,-0.1344
RELIGIOUScathedral_mesh0227,9550,876,-0.2782
RELIGIOUScathedral_mesh0231,3709,349,-0.1968
RELIGIOUScathedral_mesh0233,2826,293,-0.1812
RELIGIOUScathedral_mesh0289,422,182,-0.0685
RELIGIOUScathedral_mesh0301,651,238,-0.0296
RELIGIOUScathedral_mesh0339,363,115,-0.0111
RELIGIOUScathedral_mesh0357,8105,570,-0.1992
RELIGIOUScathedral_mesh0363,598,126,-0.0592
RELIGIOUScathedral_mesh0494,7009,725,-0.1572
RELIGIOUScathedral_mesh0541,476,230,-0.0287
RELIGIOUScathedral_mesh0593,16177,1190,-0.2928
RELIGIOUScathedral_mesh0624,12769,859,-0.2725
RELIGIOUScathedral_mesh0640,6719,461,-0.2399
RELIGIOUScathedral_mesh0647,2026,548,-0.0481
RELIGIOUScathedral_mesh0702,2566,700,-0.0476
RELIGIOUScathedral_mesh0715,267,147,-0.0275
RELIGIOUScathedral_mesh0754,1273,248,-0.1003
RELIGIOUScathedral_mesh0926,556,142,-0.0930
RELIGIOUScathedral_mesh0953,879,237,-0.0594
RELIGIOUScathedral_mesh0960,398,101,-0.0550
RELIGIOUScathedral_mesh0963,214,101,-0.0288
RELIGIOUScathedral_mesh0986,2439,281,-0.1777
RELIGIOUScathedral_mesh0989,8094,605,-0.1771
RELIGIOUScathedral_mesh1005,7395,444,-0.0990
RELIGIOUScathedral_mesh1011,9827,915,-0.1299
RELIGIOUSchurch_mesh0013,1177,205,-0.0538
RELIGIOUSchurch_mesh0023,318,121,-0.0167
RELIGIOUSchurch_mesh0036,1892,579,-0.0706
RELIGIOUSchurch_mesh0061,489,127,-0.0534
RELIGIOUSchurch_mesh0081,6948,730,-0.2736
RELIGIOUSchurch_mesh0086,7337,1909,-0.1268
RELIGIOUSchurch_mesh0091,510,110,-0.0413
RELIGIOUSchurch_mesh0099,699,188,-0.0493
RELIGIOUSchurch_mesh0112,466,367,-0.0306
RELIGIOUSchurch_mesh0114,186,140,-0.0088
RELIGIOUSchurch_mesh0117,310,81,-0.0159
RELIGIOUSchurch_mesh0122,572,150,-0.0475
RELIGIOUSchurch_mesh0146,6484,960,-0.2094
RELIGIOUSchurch_mesh0153,11901,856,-0.3401
RELIGIOUSchurch_mesh0157,551,143,-0.1040
RELIGIOUSchurch_mesh0166,294,67,-0.0609
RELIGIOUSchurch_mesh0168,187,65,-0.0303
RELIGIOUSchurch_mesh0170,495,267,-0.0731
RELIGIOUSchurch_mesh0171,5582,416,-0.1341
RELIGIOUSchurch_mesh0173,703,184,-0.0707
RELIGIOUSchurch_mesh0180,323,155,-0.0292
RELIGIOUSchurch_mesh0185,6308,422,-0.2502
RELIGIOUSchurch_mesh0187,2811,345,-0.1074
RELIGIOUSchurch_mesh0188,11034,696,-0.2964
RELIGIOUSchurch_mesh0203,983,353,-0.0981
RELIGIOUSchurch_mesh0224,559,161,-0.0369
RELIGIOUSchurch_mesh0226,2478,284,-0.1337
RELIGIOUSchurch_mesh0229,443,264,-0.0439
RELIGIOUSchurch_mesh0234,6788,556,-0.1412
RELIGIOUSchurch_mesh0252,753,270,-0.0293
RELIGIOUSchurch_mesh0259,265,84,-0.0352
RELIGIOUSchurch_mesh0272,305,147,-0.0397
RELIGIOUSchurch_mesh0280,1917,285,-0.0653
RELIGIOUSchurch_mesh0284,253,87,-0.0186
RELIGIOUSchurch_mesh0286,3944,509,-0.2069
RELIGIOUSchurch_mesh0298,416,124,-0.0312
RELIGIOUSchurch_mesh0331,1202,393,-0.0664
RELIGIOUSchurch_mesh0335,666,41,-0.1318
RELIGIOUSchurch_mesh0339,1573,541,-0.0509
RELIGIOUSchurch_mesh0354,1156,434,-0.0913
RELIGIOUSchurch_mesh0376,455,196,-0.0518
RELIGIOUSchurch_mesh0411,1232,789,-0.0367
RELIGIOUSchurch_mesh0414,71,48,-0.0061
RELIGIOUSchurch_mesh0423,10992,837,-0.2620
RELIGIOUSchurch_mesh0427,1114,192,-0.0900
RELIGIOUSchurch_mesh0446,169,105,-0.0163
RELIGIOUSchurch_mesh0447,209,90,-0.0236
RELIGIOUSchurch_mesh0449,4127,439,-0.1679
RELIGIOUSchurch_mesh0475,520,290,-0.0752
RELIGIOUSchurch_mesh0486,1245,861,-0.0294
RELIGIOUSchurch_mesh0491,396,136,-0.0160
RELIGIOUSchurch_mesh0524,792,102,-0.0171
RELIGIOUSchurch_mesh0536,7045,537,-0.3079
RELIGIOUSchurch_mesh0564,804,166,-0.0804
RELIGIOUSchurch_mesh0568,14713,1175,-0.2657
RELIGIOUSchurch_mesh0572,435,100,-0.0375
RELIGIOUSchurch_mesh0575,23323,902,-0.3091
RELIGIOUSchurch_mesh0585,284,140,-0.0114
RELIGIOUSchurch_mesh0599,255,119,-0.0497
RELIGIOUSchurch_mesh0606,6753,848,-0.1873
RELIGIOUSchurch_mesh0611,50280,2150,-0.2880
RELIGIOUSchurch_mesh0612,31052,1132,-0.3804
RELIGIOUSchurch_mesh0620,191,94,-0.0151
RELIGIOUSchurch_mesh0623,398,108,-0.0422
RELIGIOUSchurch_mesh0627,420,191,-0.0468
RELIGIOUSchurch_mesh0643,4086,861,-0.1108
RELIGIOUSchurch_mesh0649,165,91,-0.0094
RELIGIOUSchurch_mesh0654,8152,711,-0.2458
RELIGIOUSchurch_mesh0660,399,156,-0.0654
RELIGIOUSchurch_mesh0671,170,105,-0.0169
RELIGIOUSchurch_mesh0681,7298,531,-0.3210
RELIGIOUSchurch_mesh0683,286,209,-0.0190
RELIGIOUSchurch_mesh0684,1083,236,-0.0796
RELIGIOUSchurch_mesh0694,15699,920,-0.3119
RELIGIOUSchurch_mesh0696,403,122,-0.0119
RELIGIOUSchurch_mesh0705,618,243,-0.0342
RELIGIOUSchurch_mesh0718,17971,1165,-0.3641
RELIGIOUSchurch_mesh0728,4080,866,-0.1196
RELIGIOUSchurch_mesh0730,27292,1617,-0.3029
RELIGIOUSchurch_mesh0739,2995,530,-0.1355
RELIGIOUSchurch_mesh0748,294,155,-0.0182
RELIGIOUSchurch_mesh0774,1941,249,-0.1606
RELIGIOUSchurch_mesh0778,1891,364,-0.0370
RELIGIOUSchurch_mesh0782,667,144,-0.0694
RELIGIOUSchurch_mesh0785,1455,548,-0.0964
RELIGIOUSchurch_mesh0786,3834,469,-0.1475
RELIGIOUSchurch_mesh0787,333,95,-0.0490
RELIGIOUSchurch_mesh0791,880,404,-0.0367
RELIGIOUSchurch_mesh0794,692,342,-0.0450
RELIGIOUSchurch_mesh0799,23067,1617,-0.2335
RELIGIOUSchurch_mesh0810,1148,213,-0.0832
RELIGIOUSchurch_mesh0834,1640,600,-0.0586
RELIGIOUSchurch_mesh0835,165,84,-0.0179
RELIGIOUSchurch_mesh0887,280,170,-0.0294
RELIGIOUSchurch_mesh0888,1179,216,-0.1273
RELIGIOUSchurch_mesh0892,435,126,-0.0588
RELIGIOUSchurch_mesh0919,1158,245,-0.0819
RELIGIOUSchurch_mesh0931,515,153,-0.0635
RELIGIOUSchurch_mesh0940,12210,998,-0.2488
RELIGIOUSchurch_mesh0955,1426,493,-0.0464
RELIGIOUSchurch_mesh0971,2946,804,-0.0745
RELIGIOUSchurch_mesh0978,2260,292,-0.0699
RELIGIOUSchurch_mesh0981,11847,710,-0.1892
RELIGIOUSchurch_mesh0993,146,44,-0.0469
RELIGIOUSchurch_mesh1005,1956,406,-0.1008
RELIGIOUSchurch_mesh1020,538,227,-0.0790
RELIGIOUSchurch_mesh1029,189,60,-0.0126
RELIGIOUSchurch_mesh1037,102,81,-0.0137
RELIGIOUSchurch_mesh1055,12730,839,-0.2304
RELIGIOUSchurch_mesh1057,23721,1343,-0.2103
RELIGIOUSchurch_mesh1072,299,208,-0.0122
RELIGIOUSchurch_mesh1081,2732,330,-0.1595
RELIGIOUSchurch_mesh1096,16629,840,-0.3258
RELIGIOUSchurch_mesh1110,988,291,-0.1082
RELIGIOUSchurch_mesh1114,369,217,-0.0201
RELIGIOUSchurch_mesh1116,550,175,-0.0130
RELIGIOUSchurch_mesh1119,1082,328,-0.1345
RELIGIOUSchurch_mesh1131,429,221,-0.0139
RELIGIOUSchurch_mesh1158,2012,373,-0.0967
RELIGIOUSchurch_mesh1192,25,15,-0.0140
RELIGIOUSchurch_mesh1196,10283,702,-0.1848
RELIGIOUSchurch_mesh1219,267,73,-0.0579
RELIGIOUSchurch_mesh1224,464,229,-0.0155
RELIGIOUSchurch_mesh1229,2037,534,-0.1410
RELIGIOUSchurch_mesh1270,3664,556,-0.1579
RELIGIOUSchurch_mesh1271,331,114,-0.0338
RELIGIOUSchurch_mesh1330,911,219,-0.0858
RELIGIOUSchurch_mesh1333,5097,531,-0.2649
RELIGIOUSchurch_mesh1345,1761,197,-0.1306
RELIGIOUSchurch_mesh1347,4603,425,-0.1487
RELIGIOUSchurch_mesh1360,531,339,-0.0206
RELIGIOUSchurch_mesh1365,964,224,-0.0172
RELIGIOUSchurch_mesh1379,382,120,-0.0544
RELIGIOUSchurch_mesh1381,304,153,-0.0099
RELIGIOUSchurch_mesh1421,9838,726,-0.1765
RELIGIOUSchurch_mesh1436,7591,865,-0.1532
RELIGIOUSchurch_mesh1446,9039,469,-0.1591
RELIGIOUSchurch_mesh1461,194,90,-0.0156
RELIGIOUSchurch_mesh1468,5354,969,-0.1531
RELIGIOUSchurch_mesh1469,1054,431,-0.0452
RELIGIOUSchurch_mesh1516,655,155,-0.0112
RELIGIOUSchurch_mesh1528,2685,610,-0.0716
RELIGIOUSchurch_mesh1543,2815,825,-0.1267
RELIGIOUSchurch_mesh1572,1331,356,-0.0545
RELIGIOUSchurch_mesh1574,2996,484,-0.1339
RELIGIOUSchurch_mesh1590,754,154,-0.0787
RELIGIOUSchurch_mesh1599,10169,710,-0.2455
RELIGIOUSchurch_mesh1612,277,93,-0.0236
RELIGIOUSchurch_mesh1627,126,66,-0.0110
RELIGIOUSchurch_mesh1658,73,49,-0.0120
RELIGIOUSchurch_mesh1681,17645,943,-0.2764
RELIGIOUSchurch_mesh1685,6525,965,-0.1780
RELIGIOUSchurch_mesh1686,1465,315,-0.1842
RELIGIOUSchurch_mesh1692,918,133,-0.0914
RELIGIOUSchurch_mesh1701,239,158,-0.0152
RELIGIOUSchurch_mesh1705,398,127,-0.0147
RELIGIOUSchurch_mesh1707,8179,703,-0.2710
RELIGIOUSchurch_mesh1725,12896,731,-0.2192
RELIGIOUSchurch_mesh1740,1452,393,-0.0703
RELIGIOUSchurch_mesh1749,3157,391,-0.1723
RELIGIOUSchurch_mesh1755,2374,425,-0.0711
RELIGIOUSchurch_mesh1757,18531,1628,-0.2799
RELIGIOUSchurch_mesh1759,380,167,-0.0228
RELIGIOUSchurch_mesh1768,494,257,-0.0183
RELIGIOUSchurch_mesh1815,4909,580,-0.1397
RELIGIOUSchurch_mesh1818,19106,1060,-0.3270
RELIGIOUSchurch_mesh1821,796,258,-0.0818
RELIGIOUSchurch_mesh1828,1931,236,-0.0729
RELIGIOUSchurch_mesh1837,674,359,-0.0441
RELIGIOUSchurch_mesh1847,1225,336,-0.1079
RELIGIOUSchurch_mesh1849,1610,263,-0.0665
RELIGIOUSchurch_mesh1908,2255,665,-0.0858
RELIGIOUSchurch_mesh1919,13081,746,-0.2196
RELIGIOUSchurch_mesh1926,305,109,-0.0379
RELIGIOUSchurch_mesh1935,4192,612,-0.1143
RELIGIOUSchurch_mesh1938,1132,148,-0.1137
RELIGIOUSchurch_mesh1979,241,101,-0.0515
RELIGIOUSchurch_mesh2002,479,258,-0.0159
RELIGIOUSchurch_mesh2003,2597,812,-0.0945
RELIGIOUSchurch_mesh2017,2234,290,-0.0713
RELIGIOUSchurch_mesh2058,1315,189,-0.1106
RELIGIOUSchurch_mesh2063,268,105,-0.0292
RELIGIOUSchurch_mesh2070,152,112,-0.0230
RELIGIOUSchurch_mesh2095,385,145,-0.0611
RELIGIOUSchurch_mesh2141,11154,924,-0.2579
RELIGIOUSchurch_mesh2146,2095,341,-0.0705
RELIGIOUSchurch_mesh2147,806,312,-0.0539
RELIGIOUSchurch_mesh2150,8226,637,-0.2584
RELIGIOUSchurch_mesh2156,9695,873,-0.1926
RELIGIOUSchurch_mesh2159,17364,863,-0.1988
RELIGIOUSchurch_mesh2175,11830,847,-0.2315
RELIGIOUSchurch_mesh2194,979,132,-0.0847
RELIGIOUSchurch_mesh2227,393,66,-0.0386
RELIGIOUSchurch_mesh2243,3269,504,-0.1565
RELIGIOUSchurch_mesh2251,97,36,-0.0092
RELIGIOUSchurch_mesh2268,4140,628,-0.2042
RELIGIOUSchurch_mesh2305,13635,718,-0.2459
RELIGIOUSchurch_mesh2318,15287,836,-0.2750
RELIGIOUSchurch_mesh2322,7183,782,-0.2397
RELIGIOUSchurch_mesh2415,4914,474,-0.1218
RELIGIOUSchurch_mesh2418,303,115,-0.0866
RELIGIOUSchurch_mesh2430,3229,961,-0.1623
RELIGIOUSchurch_mesh2460,988,135,-0.0601
RELIGIOUSchurch_mesh2463,8517,858,-0.1372
RELIGIOUSchurch_mesh2482,4160,704,-0.1185
RELIGIOUSchurch_mesh2485,2155,324,-0.0940
RELIGIOUSchurch_mesh2497,694,319,-0.0252
RELIGIOUSchurch_mesh2516,175,93,-0.0094
RELIGIOUSchurch_mesh2532,311,91,-0.0553
RELIGIOUSchurch_mesh2533,179,95,-0.0174
RELIGIOUSchurch_mesh2542,437,181,-0.0136
RELIGIOUSchurch_mesh2550,3028,285,-0.0774
RELIGIOUSchurch_mesh2577,16379,1209,-0.2851
RELIGIOUSchurch_mesh2594,1112,265,-0.0705
RELIGIOUSchurch_mesh2607,27948,1377,-0.2968
RELIGIOUSchurch_mesh2617,1641,289,-0.0987
RELIGIOUSchurch_mesh2642,9225,829,-0.1675
RELIGIOUSchurch_mesh2676,370,149,-0.0114
RELIGIOUSchurch_mesh2696,5862,1007,-0.1450
RELIGIOUSchurch_mesh2707,3618,365,-0.1678
RELIGIOUSchurch_mesh2727,13952,797,-0.2694
RELIGIOUSchurch_mesh2776,158,61,-0.0106
RELIGIOUSchurch_mesh2798,430,258,-0.0414
RELIGIOUSchurch_mesh2817,579,183,-0.0621
RELIGIOUSchurch_mesh2821,747,180,-0.0414
RELIGIOUSchurch_mesh2822,17967,838,-0.3092
RELIGIOUSchurch_mesh2844,188,106,-0.0295
RELIGIOUSchurch_mesh2882,310,259,-0.0115
RELIGIOUSchurch_mesh2916,802,391,-0.0701
RELIGIOUSchurch_mesh2921,16604,1005,-0.1956
RELIGIOUSchurch_mesh2924,670,212,-0.0572
RELIGIOUSchurch_mesh2926,191,50,-0.0255
RELIGIOUSchurch_mesh2941,284,115,-0.0415
RELIGIOUSchurch_mesh2956,191,123,-0.0154
RELIGIOUSchurch_mesh2958,181,109,-0.0326
RELIGIOUSchurch_mesh2993,166,72,-0.0382
RELIGIOUSchurch_mesh3000,1375,272,-0.0827
RELIGIOUSchurch_mesh3001,690,218,-0.0787
RELIGIOUSchurch_mesh3016,2608,1025,-0.0754
RELIGIOUSchurch_mesh3049,765,200,-0.0865
RELIGIOUSchurch_mesh3051,841,396,-0.0738
RELIGIOUSchurch_mesh3055,2160,372,-0.1447
RELIGIOUSchurch_mesh3065,28573,1527,-0.4231
RELIGIOUSchurch_mesh3084,1039,471,-0.0518
RELIGIOUSchurch_mesh3094,1671,445,-0.0637
RELIGIOUSchurch_mesh3131,204,109,-0.0210
RELIGIOUSchurch_mesh3135,39,28,-0.0172
RELIGIOUSchurch_mesh3142,2401,759,-0.1068
RELIGIOUSchurch_mesh3162,1144,245,-0.1128
RELIGIOUSchurch_mesh3167,4036,549,-0.1654
RELIGIOUSchurch_mesh3218,1183,593,-0.1103
RELIGIOUSchurch_mesh3219,1230,430,-0.1155
RELIGIOUSchurch_mesh3226,317,88,-0.0403
RELIGIOUScity_hall_mesh0188,559,263,-0.0620
RELIGIOUScity_hall_mesh0268,1331,286,-0.0348
RELIGIOUScity_hall_mesh0443,2999,725,-0.1191
RELIGIOUScity_hall_mesh0567,1173,377,-0.0779
RELIGIOUScity_hall_mesh0605,1656,283,-0.1106
RELIGIOUScity_hall_mesh0623,9465,792,-0.1965
RELIGIOUScity_hall_mesh0625,509,154,-0.0250
RELIGIOUScity_hall_mesh0633,175,93,-0.0172
RELIGIOUSfactory_mesh1562,210,126,-0.0096
RELIGIOUShotel_building_mesh0335,7772,535,-0.2258
RELIGIOUShouse_mesh4068,575,342,-0.0329
RELIGIOUShouse_mesh5060,4295,600,-0.1969
RELIGIOUShouse_mesh5630,1364,683,-0.0263
RELIGIOUSmonastery_mesh0062,10961,1068,-0.2026
RELIGIOUSmonastery_mesh0190,263,173,-0.0138
RELIGIOUSmonastery_mesh0197,177,84,-0.0552
RELIGIOUSmonastery_mesh0240,3218,171,-0.1906
RELIGIOUSmonastery_mesh0244,14261,1233,-0.2115
RELIGIOUSmonastery_mesh0253,18923,950,-0.2807
RELIGIOUSmosque_mesh0007,876,297,-0.0579
RELIGIOUSmosque_mesh0016,645,122,-0.0105
RELIGIOUSmosque_mesh0035,1605,585,-0.0929
RELIGIOUSmosque_mesh0045,821,259,-0.0485
RELIGIOUSmosque_mesh0057,3268,399,-0.2275
RELIGIOUSmosque_mesh0067,1641,546,-0.1278
RELIGIOUSmosque_mesh0070,1119,485,-0.1008
RELIGIOUSmosque_mesh0083,2508,618,-0.1089
RELIGIOUSmosque_mesh0087,2511,412,-0.1149
RELIGIOUSmosque_mesh0089,643,148,-0.0394
RELIGIOUSmosque_mesh0098,1244,371,-0.0353
RELIGIOUSmosque_mesh0119,770,477,-0.0464
RELIGIOUSmosque_mesh0143,519,216,-0.0391
RELIGIOUSmosque_mesh0146,729,113,-0.0408
RELIGIOUSmosque_mesh0147,3700,745,-0.0321
RELIGIOUSmosque_mesh0158,198,108,-0.0135
RELIGIOUSmosque_mesh0161,232,140,-0.0201
RELIGIOUSmosque_mesh0164,119,83,-0.0406
RELIGIOUSmosque_mesh0182,6139,729,-0.1747
RELIGIOUSmosque_mesh0187,3447,552,-0.1927
RELIGIOUSmosque_mesh0198,7862,886,-0.2246
RELIGIOUSmosque_mesh0201,891,374,-0.0491
RELIGIOUSmosque_mesh0211,235,162,-0.0203
RELIGIOUSmosque_mesh0212,449,197,-0.0467
RELIGIOUSmosque_mesh0262,129,36,-0.0703
RELIGIOUSmosque_mesh0276,4094,898,-0.1387
RELIGIOUSmosque_mesh0279,757,165,-0.0818
RELIGIOUSmosque_mesh0286,727,289,-0.0501
RELIGIOUSmosque_mesh0294,345,128,-0.0417
RELIGIOUSmosque_mesh0309,1276,315,-0.0809
RELIGIOUSmosque_mesh0341,233,50,-0.0274
RELIGIOUSmosque_mesh0346,1514,477,-0.0688
RELIGIOUSmosque_mesh0367,683,238,-0.0547
RELIGIOUSmosque_mesh0370,301,195,-0.0142
RELIGIOUSmosque_mesh0371,76,53,-0.0147
RELIGIOUSmosque_mesh0373,2321,669,-0.1329
RELIGIOUSmosque_mesh0400,21901,2151,-0.2525
RELIGIOUSmosque_mesh0405,115,59,-0.0896
RELIGIOUSmosque_mesh0414,545,205,-0.0417
RELIGIOUSmosque_mesh0426,1113,264,-0.0186
RELIGIOUSmosque_mesh0441,1562,349,-0.0981
RELIGIOUSmosque_mesh0483,765,313,-0.0934
RELIGIOUSmosque_mesh0489,7987,939,-0.1703
RELIGIOUSmosque_mesh0493,4038,367,-0.1447
RELIGIOUSmosque_mesh0508,657,263,-0.0298
RELIGIOUSmosque_mesh0581,1937,617,-0.0875
RELIGIOUSmosque_mesh0606,1874,346,-0.1193
RELIGIOUSmosque_mesh0639,1852,553,-0.0856
RELIGIOUSmosque_mesh0659,260,165,-0.0204
RELIGIOUSmosque_mesh0665,6148,506,-0.2201
RELIGIOUSmosque_mesh0687,597,168,-0.0547
RELIGIOUSmosque_mesh0714,4936,1131,-0.1891
RELIGIOUSmosque_mesh0718,1199,452,-0.0893
RELIGIOUSmosque_mesh0734,862,222,-0.0751
RELIGIOUSmosque_mesh0735,10786,613,-0.2154
RELIGIOUSmosque_mesh0743,3473,411,-0.1211
RELIGIOUSmosque_mesh0749,4646,866,-0.1730
RELIGIOUSmosque_mesh0750,33694,2401,-0.3785
RELIGIOUSmosque_mesh0769,9445,589,-0.2636
RELIGIOUSmosque_mesh0771,7593,731,-0.1302
RELIGIOUSmosque_mesh0788,12018,648,-0.2644
RELIGIOUSmosque_mesh0789,6691,1127,-0.2323
RELIGIOUSmosque_mesh0799,776,329,-0.0223
RELIGIOUSmosque_mesh0811,14367,1079,-0.2733
RELIGIOUSmosque_mesh0812,543,275,-0.0502
RELIGIOUSmosque_mesh0819,10564,626,-0.2497
RELIGIOUSmosque_mesh0823,7240,459,-0.2241
RELIGIOUSmosque_mesh0839,970,386,-0.0619
RELIGIOUSmuseum_mesh1180,352,108,-0.0214
RELIGIOUSmuseum_mesh1645,269,116,-0.0076
RELIGIOUSmuseum_mesh2349,8437,530,-0.2236
RELIGIOUSmuseum_mesh2420,1326,453,-0.0677
RELIGIOUSmuseum_mesh2444,12247,807,-0.2112
RELIGIOUSoffice_building_mesh1049,254,106,-0.0357
RELIGIOUSoffice_building_mesh1193,1050,348,-0.0197
RELIGIOUSoffice_building_mesh3369,776,265,-0.0129
RELIGIOUSoffice_building_mesh3563,750,434,-0.0386
RELIGIOUSpalace_mesh0061,4100,709,-0.1810
RELIGIOUSpalace_mesh0215,1037,253,-0.0545
RELIGIOUSpalace_mesh0291,1752,551,-0.0828
RELIGIOUSpalace_mesh0337,6928,535,-0.2577
RELIGIOUSpalace_mesh0482,772,210,-0.1106
RELIGIOUSpalace_mesh0640,1220,513,-0.0562
RELIGIOUSpalace_mesh0657,3996,552,-0.0359
RELIGIOUSpalace_mesh0986,2387,522,-0.0811
RELIGIOUSpalace_mesh1026,19491,999,-0.2449
RELIGIOUSpalace_mesh1125,11225,1350,-0.2116
RELIGIOUSpalace_mesh1154,10482,585,-0.2137
RELIGIOUSpalace_mesh1447,16339,1146,-0.2299
RELIGIOUSschool_building_mesh0233,1104,447,-0.0406
RELIGIOUSschool_building_mesh0454,329,217,-0.0306
RELIGIOUSschool_building_mesh0643,1122,357,-0.1230
RELIGIOUSschool_building_mesh0745,2031,748,-0.0641
RELIGIOUSschool_building_mesh0773,355,132,-0.0300
RELIGIOUSschool_building_mesh0799,348,256,-0.0305
RELIGIOUSschool_building_mesh0855,498,85,-0.1031
RELIGIOUSschool_building_mesh0880,1275,306,-0.0627
RELIGIOUSschool_building_mesh1194,343,160,-0.0737
RELIGIOUStemple_mesh0026,1915,572,-0.0901
RELIGIOUStemple_mesh0142,479,213,-0.0442
RELIGIOUStemple_mesh0148,4636,985,-0.1156
RELIGIOUStemple_mesh0162,9682,1136,-0.1889
RELIGIOUStemple_mesh0174,512,291,-0.0550
RELIGIOUStemple_mesh0227,823,515,-0.0453
RELIGIOUStemple_mesh0245,2184,722,-0.1211
RELIGIOUStemple_mesh0265,730,340,-0.0142
RELIGIOUStemple_mesh0266,1901,379,-0.1374
RELIGIOUStemple_mesh0287,2083,398,-0.0742
RELIGIOUStemple_mesh0396,501,264,-0.0164
RELIGIOUStemple_mesh0399,1338,601,-0.0590
RELIGIOUStemple_mesh0428,1997,526,-0.0419
RELIGIOUStemple_mesh0823,2917,678,-0.0351
RELIGIOUStemple_mesh0913,4426,580,-0.1789
RELIGIOUStemple_mesh1032,2963,340,-0.1564
RELIGIOUStemple_mesh1096,9521,1897,-0.1013
RELIGIOUStemple_mesh1165,2482,424,-0.1632
RELIGIOUStemple_mesh1192,4023,767,-0.1293
RELIGIOUStemple_mesh1238,1717,824,-0.1009
RELIGIOUStemple_mesh1300,3523,763,-0.1243
RELIGIOUStemple_mesh1314,2946,552,-0.1584
RELIGIOUStemple_mesh1315,537,176,-0.0380
RELIGIOUStemple_mesh1519,24868,937,-0.3058
RELIGIOUStemple_mesh1585,3676,747,-0.0993
RELIGIOUStemple_mesh1631,8434,807,-0.2255
RELIGIOUStemple_mesh1731,14106,1716,-0.2265
RELIGIOUStemple_mesh1847,704,317,-0.0445
RELIGIOUStemple_mesh1871,3664,788,-0.0732
RELIGIOUStemple_mesh1885,723,231,-0.1056
RELIGIOUStemple_mesh1905,8692,843,-0.2166
RELIGIOUStemple_mesh1913,1419,229,-0.1049
RELIGIOUStemple_mesh1935,6854,681,-0.2087
RELIGIOUStemple_mesh1956,592,267,-0.0491
RELIGIOUStemple_mesh1968,137,81,-0.0104
RELIGIOUStemple_mesh1971,327,176,-0.0767
RELIGIOUStemple_mesh1992,3776,496,-0.2046
RELIGIOUStemple_mesh1993,8714,1113,-0.1415
RELIGIOUStemple_mesh2073,1399,308,-0.1432
RELIGIOUSvilla_mesh1437,2895,700,-0.0718
RELIGIOUSvilla_mesh5382,8911,830,-0.1740
RESIDENTIALcastle_mesh0771,4449,1455,-0.0858
RESIDENTIALcastle_mesh1086,520,150,-0.0752
RESIDENTIALcastle_mesh2168,14310,1373,-0.2386
RESIDENTIALcastle_mesh2926,809,190,-0.0286
RESIDENTIALcastle_mesh2942,381,294,-0.0164
RESIDENTIALcastle_mesh3050,899,215,-0.0686
RESIDENTIALcastle_mesh3238,2525,455,-0.1367
RESIDENTIALcathedral_mesh0781,2786,1236,-0.1569
RESIDENTIALcathedral_mesh0850,1545,1170,-0.0250
RESIDENTIALcathedral_mesh0855,1014,418,-0.0886
RESIDENTIALcathedral_mesh0909,1392,737,-0.0723
RESIDENTIALchurch_mesh0145,810,421,-0.0191
RESIDENTIALchurch_mesh0833,238,144,-0.0172
RESIDENTIALchurch_mesh1834,24279,1448,-0.3710
RESIDENTIALchurch_mesh1845,1379,1025,-0.0298
RESIDENTIALchurch_mesh1968,4241,498,-0.1885
RESIDENTIALchurch_mesh2138,11541,835,-0.2902
RESIDENTIALchurch_mesh2161,1005,259,-0.0972
RESIDENTIALchurch_mesh2951,26686,1102,-0.3725
RESIDENTIALchurch_mesh2988,11762,1394,-0.2358
RESIDENTIALchurch_mesh3093,743,478,-0.0423
RESIDENTIALcity_hall_mesh0361,584,364,-0.0100
RESIDENTIALcity_hall_mesh0421,394,250,-0.0106
RESIDENTIALfactory_mesh0019,7113,394,-0.1438
RESIDENTIALfactory_mesh0358,1379,193,-0.1233
RESIDENTIALfactory_mesh0789,187,148,-0.0089
RESIDENTIALfactory_mesh1231,3440,1016,-0.1399
RESIDENTIALfactory_mesh1345,622,381,-0.0556
RESIDENTIALfactory_mesh1620,603,511,-0.0159
RESIDENTIALhotel_building_mesh0476,626,139,-0.0316
RESIDENTIALhotel_building_mesh0502,14360,1267,-0.2318
RESIDENTIALhotel_building_mesh0512,6555,782,-0.2046
RESIDENTIALhotel_building_mesh0580,4969,966,-0.1639
RESIDENTIALhotel_building_mesh0607,2743,960,-0.0217
RESIDENTIALhotel_building_mesh0638,7169,1960,-0.1467
RESIDENTIALhotel_building_mesh0856,676,472,-0.0399
RESIDENTIALhotel_building_mesh1212,2814,713,-0.1351
RESIDENTIALhouse_mesh0059,2358,924,-0.0132
RESIDENTIALhouse_mesh0060,4695,538,-0.2020
RESIDENTIALhouse_mesh0063,7192,1206,-0.0986
RESIDENTIALhouse_mesh0067,714,606,-0.0100
RESIDENTIALhouse_mesh0074,896,598,-0.0375
RESIDENTIALhouse_mesh0077,237,185,-0.0116
RESIDENTIALhouse_mesh0086,7240,880,-0.2090
RESIDENTIALhouse_mesh0089,10080,1183,-0.1897
RESIDENTIALhouse_mesh0095,2196,305,-0.1974
RESIDENTIALhouse_mesh0096,283,196,-0.0139
RESIDENTIALhouse_mesh0099,695,409,-0.0426
RESIDENTIALhouse_mesh0100,568,130,-0.0821
RESIDENTIALhouse_mesh0109,5810,1519,-0.1077
RESIDENTIALhouse_mesh0139,14397,1025,-0.3194
RESIDENTIALhouse_mesh0166,11335,1591,-0.2173
RESIDENTIALhouse_mesh0172,1148,752,-0.0146
RESIDENTIALhouse_mesh0185,529,323,-0.0209
RESIDENTIALhouse_mesh0217,13879,1127,-0.2998
RESIDENTIALhouse_mesh0230,5416,1796,-0.0951
RESIDENTIALhouse_mesh0244,2487,655,-0.1163
RESIDENTIALhouse_mesh0253,602,377,-0.0347
RESIDENTIALhouse_mesh0289,15883,1705,-0.2871
RESIDENTIALhouse_mesh0322,229,156,-0.0065
RESIDENTIALhouse_mesh0348,1104,399,-0.0746
RESIDENTIALhouse_mesh0354,1959,473,-0.0326
RESIDENTIALhouse_mesh0358,14922,1323,-0.3108
RESIDENTIALhouse_mesh0375,5267,927,-0.0990
RESIDENTIALhouse_mesh0379,10951,1070,-0.2194
RESIDENTIALhouse_mesh0386,102,57,-0.0402
RESIDENTIALhouse_mesh0391,936,599,-0.0167
RESIDENTIALhouse_mesh0394,1230,257,-0.0956
RESIDENTIALhouse_mesh0402,13949,1375,-0.2263
RESIDENTIALhouse_mesh0422,189,132,-0.0089
RESIDENTIALhouse_mesh0435,514,171,-0.0487
RESIDENTIALhouse_mesh0440,140,67,-0.0116
RESIDENTIALhouse_mesh0452,1457,526,-0.1167
RESIDENTIALhouse_mesh0456,715,356,-0.0139
RESIDENTIALhouse_mesh0458,15466,1421,-0.1556
RESIDENTIALhouse_mesh0467,788,288,-0.0547
RESIDENTIALhouse_mesh0471,484,223,-0.0277
RESIDENTIALhouse_mesh0476,1259,510,-0.0383
RESIDENTIALhouse_mesh0477,154,100,-0.0053
RESIDENTIALhouse_mesh0498,538,366,-0.0183
RESIDENTIALhouse_mesh0502,6875,799,-0.3432
RESIDENTIALhouse_mesh0516,189,156,-0.0225
RESIDENTIALhouse_mesh0534,968,530,-0.0429
RESIDENTIALhouse_mesh0540,605,338,-0.0140
RESIDENTIALhouse_mesh0565,7201,1089,-0.1931
RESIDENTIALhouse_mesh0571,2591,350,-0.1461
RESIDENTIALhouse_mesh0575,4316,1078,-0.0648
RESIDENTIALhouse_mesh0587,483,129,-0.0773
RESIDENTIALhouse_mesh0600,3561,1060,-0.1230
RESIDENTIALhouse_mesh0641,1641,592,-0.0909
RESIDENTIALhouse_mesh0642,23757,1493,-0.3155
RESIDENTIALhouse_mesh0648,1656,465,-0.0312
RESIDENTIALhouse_mesh0658,344,253,-0.0163
RESIDENTIALhouse_mesh0673,1782,518,-0.1361
RESIDENTIALhouse_mesh0684,1431,1118,-0.0284
RESIDENTIALhouse_mesh0717,1088,527,-0.0544
RESIDENTIALhouse_mesh0718,2616,1675,-0.0352
RESIDENTIALhouse_mesh0737,784,421,-0.0698
RESIDENTIALhouse_mesh0769,499,241,-0.0350
RESIDENTIALhouse_mesh0776,298,224,-0.0133
RESIDENTIALhouse_mesh0782,1321,225,-0.1237
RESIDENTIALhouse_mesh0794,10065,795,-0.2106
RESIDENTIALhouse_mesh0818,346,188,-0.0155
RESIDENTIALhouse_mesh0821,1363,391,-0.0339
RESIDENTIALhouse_mesh0829,2499,1026,-0.0223
RESIDENTIALhouse_mesh0836,912,423,-0.0358
RESIDENTIALhouse_mesh0844,2062,990,-0.0617
RESIDENTIALhouse_mesh0845,844,441,-0.0181
RESIDENTIALhouse_mesh0875,5877,1855,-0.1144
RESIDENTIALhouse_mesh0879,279,147,-0.0136
RESIDENTIALhouse_mesh0897,2923,340,-0.0300
RESIDENTIALhouse_mesh0904,244,86,-0.0382
RESIDENTIALhouse_mesh0909,4454,1496,-0.0175
RESIDENTIALhouse_mesh0915,457,317,-0.0227
RESIDENTIALhouse_mesh0924,608,155,-0.0393
RESIDENTIALhouse_mesh0933,1480,380,-0.0384
RESIDENTIALhouse_mesh0939,16390,1141,-0.2710
RESIDENTIALhouse_mesh0944,305,216,-0.0127
RESIDENTIALhouse_mesh0946,3458,862,-0.1108
RESIDENTIALhouse_mesh0974,227,81,-0.0568
RESIDENTIALhouse_mesh0976,86,50,-0.0217
RESIDENTIALhouse_mesh0989,545,158,-0.0879
RESIDENTIALhouse_mesh0992,2402,894,-0.0661
RESIDENTIALhouse_mesh0993,2065,562,-0.0176
RESIDENTIALhouse_mesh1009,24914,1706,-0.3411
RESIDENTIALhouse_mesh1018,6610,563,-0.2221
RESIDENTIALhouse_mesh1043,516,261,-0.0336
RESIDENTIALhouse_mesh1056,2873,859,-0.0672
RESIDENTIALhouse_mesh1058,384,332,-0.0359
RESIDENTIALhouse_mesh1062,285,183,-0.0279
RESIDENTIALhouse_mesh1067,2090,888,-0.0662
RESIDENTIALhouse_mesh1068,10465,768,-0.2086
RESIDENTIALhouse_mesh1080,14051,1052,-0.2470
RESIDENTIALhouse_mesh1097,711,404,-0.0119
RESIDENTIALhouse_mesh1104,12607,1422,-0.2171
RESIDENTIALhouse_mesh1110,866,171,-0.0833
RESIDENTIALhouse_mesh1113,1836,445,-0.1346
RESIDENTIALhouse_mesh1115,14618,1480,-0.1545
RESIDENTIALhouse_mesh1131,12746,1353,-0.2253
RESIDENTIALhouse_mesh1138,667,227,-0.0244
RESIDENTIALhouse_mesh1142,398,221,-0.0144
RESIDENTIALhouse_mesh1146,2962,1613,-0.0222
RESIDENTIALhouse_mesh1155,744,284,-0.0129
RESIDENTIALhouse_mesh1156,5108,1732,-0.1464
RESIDENTIALhouse_mesh1159,2863,828,-0.0792
RESIDENTIALhouse_mesh1205,203,131,-0.0094
RESIDENTIALhouse_mesh1238,173,86,-0.0161
RESIDENTIALhouse_mesh1264,2306,1565,-0.0325
RESIDENTIALhouse_mesh1281,62,33,-0.0102
RESIDENTIALhouse_mesh1329,486,436,-0.0173
RESIDENTIALhouse_mesh1357,2021,665,-0.0208
RESIDENTIALhouse_mesh1373,480,322,-0.0135
RESIDENTIALhouse_mesh1378,1624,675,-0.1207
RESIDENTIALhouse_mesh1404,1272,754,-0.0311
RESIDENTIALhouse_mesh1425,8,7,-0.0092
RESIDENTIALhouse_mesh1430,418,272,-0.0140
RESIDENTIALhouse_mesh1442,307,187,-0.0205
RESIDENTIALhouse_mesh1469,1863,481,-0.0640
RESIDENTIALhouse_mesh1498,2829,496,-0.1392
RESIDENTIALhouse_mesh1522,985,415,-0.0131
RESIDENTIALhouse_mesh1538,578,260,-0.0125
RESIDENTIALhouse_mesh1541,1445,1086,-0.0143
RESIDENTIALhouse_mesh1571,1053,373,-0.0144
RESIDENTIALhouse_mesh1581,2967,598,-0.0942
RESIDENTIALhouse_mesh1592,595,463,-0.0289
RESIDENTIALhouse_mesh1649,692,177,-0.0708
RESIDENTIALhouse_mesh1674,999,379,-0.0214
RESIDENTIALhouse_mesh1694,1686,694,-0.0639
RESIDENTIALhouse_mesh1704,1784,800,-0.0204
RESIDENTIALhouse_mesh1719,509,278,-0.0276
RESIDENTIALhouse_mesh1720,844,524,-0.0175
RESIDENTIALhouse_mesh1740,217,105,-0.0194
RESIDENTIALhouse_mesh1792,18996,2401,-0.1590
RESIDENTIALhouse_mesh1834,1273,274,-0.0883
RESIDENTIALhouse_mesh1878,203,88,-0.0152
RESIDENTIALhouse_mesh1891,3786,976,-0.1409
RESIDENTIALhouse_mesh1911,279,132,-0.0219
RESIDENTIALhouse_mesh1927,495,309,-0.0277
RESIDENTIALhouse_mesh1935,1977,1617,-0.0696
RESIDENTIALhouse_mesh1946,1738,354,-0.0981
RESIDENTIALhouse_mesh2015,2894,1323,-0.1358
RESIDENTIALhouse_mesh2044,804,349,-0.0480
RESIDENTIALhouse_mesh2075,601,437,-0.0265
RESIDENTIALhouse_mesh2101,19221,1811,-0.2402
RESIDENTIALhouse_mesh2108,3713,917,-0.0354
RESIDENTIALhouse_mesh2113,692,234,-0.0600
RESIDENTIALhouse_mesh2115,1406,481,-0.0675
RESIDENTIALhouse_mesh2144,1209,631,-0.0190
RESIDENTIALhouse_mesh2165,291,156,-0.0221
RESIDENTIALhouse_mesh2174,362,222,-0.0137
RESIDENTIALhouse_mesh2200,521,336,-0.0192
RESIDENTIALhouse_mesh2207,3820,461,-0.1647
RESIDENTIALhouse_mesh2215,13492,1161,-0.2802
RESIDENTIALhouse_mesh2266,1424,391,-0.0163
RESIDENTIALhouse_mesh2268,440,182,-0.0577
RESIDENTIALhouse_mesh2277,4746,628,-0.1213
RESIDENTIALhouse_mesh2317,12,9,-0.0057
RESIDENTIALhouse_mesh2321,13942,637,-0.2001
RESIDENTIALhouse_mesh2326,1583,607,-0.0649
RESIDENTIALhouse_mesh2331,65,44,-0.0113
RESIDENTIALhouse_mesh2337,163,108,-0.0103
RESIDENTIALhouse_mesh2349,16926,2091,-0.2213
RESIDENTIALhouse_mesh2381,3380,1625,-0.0466
RESIDENTIALhouse_mesh2383,563,348,-0.0182
RESIDENTIALhouse_mesh2397,9153,1149,-0.0747
RESIDENTIALhouse_mesh2413,568,167,-0.0812
RESIDENTIALhouse_mesh2443,469,303,-0.0443
RESIDENTIALhouse_mesh2465,8624,1421,-0.1828
RESIDENTIALhouse_mesh2467,105,83,-0.0073
RESIDENTIALhouse_mesh2487,6402,1541,-0.1633
RESIDENTIALhouse_mesh2490,2237,889,-0.0718
RESIDENTIALhouse_mesh2495,9610,897,-0.1955
RESIDENTIALhouse_mesh2523,1113,377,-0.0523
RESIDENTIALhouse_mesh2529,5305,696,-0.1663
RESIDENTIALhouse_mesh2566,3629,1351,-0.0403
RESIDENTIALhouse_mesh2574,1900,466,-0.0648
RESIDENTIALhouse_mesh2575,1315,339,-0.0876
RESIDENTIALhouse_mesh2576,824,657,-0.0328
RESIDENTIALhouse_mesh2588,4383,1386,-0.1632
RESIDENTIALhouse_mesh2592,9705,1064,-0.2325
RESIDENTIALhouse_mesh2604,1806,1382,-0.0252
RESIDENTIALhouse_mesh2614,1330,520,-0.0658
RESIDENTIALhouse_mesh2627,1863,1004,-0.0400
RESIDENTIALhouse_mesh2633,764,442,-0.0399
RESIDENTIALhouse_mesh2651,375,254,-0.0177
RESIDENTIALhouse_mesh2709,1308,524,-0.0251
RESIDENTIALhouse_mesh2714,6089,1482,-0.0511
RESIDENTIALhouse_mesh2720,4936,629,-0.1526
RESIDENTIALhouse_mesh2724,4023,464,-0.1734
RESIDENTIALhouse_mesh2735,1037,160,-0.1396
RESIDENTIALhouse_mesh2753,199,141,-0.0144
RESIDENTIALhouse_mesh2761,1521,245,-0.1696
RESIDENTIALhouse_mesh2789,296,56,-0.0707
RESIDENTIALhouse_mesh2812,292,218,-0.0188
RESIDENTIALhouse_mesh2815,1678,693,-0.0507
RESIDENTIALhouse_mesh2821,735,214,-0.0990
RESIDENTIALhouse_mesh2838,1187,259,-0.1158
RESIDENTIALhouse_mesh2840,771,305,-0.0624
RESIDENTIALhouse_mesh2842,1467,389,-0.0871
RESIDENTIALhouse_mesh2872,441,291,-0.0197
RESIDENTIALhouse_mesh2874,273,117,-0.0504
RESIDENTIALhouse_mesh2948,6544,1828,-0.0642
RESIDENTIALhouse_mesh2956,3468,1078,-0.1054
RESIDENTIALhouse_mesh2965,19837,1668,-0.2275
RESIDENTIALhouse_mesh2975,897,403,-0.0237
RESIDENTIALhouse_mesh2982,5359,676,-0.1676
RESIDENTIALhouse_mesh2983,519,165,-0.0685
RESIDENTIALhouse_mesh2993,259,144,-0.0100
RESIDENTIALhouse_mesh3002,5980,1422,-0.1233
RESIDENTIALhouse_mesh3007,414,326,-0.0230
RESIDENTIALhouse_mesh3034,280,241,-0.0115
RESIDENTIALhouse_mesh3058,68,66,-0.0105
RESIDENTIALhouse_mesh3059,5051,843,-0.0279
RESIDENTIALhouse_mesh3062,221,84,-0.0627
RESIDENTIALhouse_mesh3075,778,216,-0.0901
RESIDENTIALhouse_mesh3080,5364,1355,-0.1023
RESIDENTIALhouse_mesh3083,1031,792,-0.0190
RESIDENTIALhouse_mesh3094,1271,426,-0.0822
RESIDENTIALhouse_mesh3132,2879,747,-0.1753
RESIDENTIALhouse_mesh3134,1979,458,-0.1096
RESIDENTIALhouse_mesh3154,2364,643,-0.0649
RESIDENTIALhouse_mesh3163,1287,204,-0.1442
RESIDENTIALhouse_mesh3176,632,281,-0.0273
RESIDENTIALhouse_mesh3178,1320,269,-0.0886
RESIDENTIALhouse_mesh3196,85,56,-0.0107
RESIDENTIALhouse_mesh3219,2247,464,-0.1116
RESIDENTIALhouse_mesh3223,13629,1010,-0.2473
RESIDENTIALhouse_mesh3228,11010,1256,-0.1540
RESIDENTIALhouse_mesh3236,2693,1011,-0.0690
RESIDENTIALhouse_mesh3240,20320,1416,-0.3277
RESIDENTIALhouse_mesh3251,2405,731,-0.0230
RESIDENTIALhouse_mesh3294,1290,469,-0.0743
RESIDENTIALhouse_mesh3359,3027,377,-0.1545
RESIDENTIALhouse_mesh3363,679,233,-0.1057
RESIDENTIALhouse_mesh3367,425,197,-0.0166
RESIDENTIALhouse_mesh3368,658,365,-0.0204
RESIDENTIALhouse_mesh3372,175,103,-0.0213
RESIDENTIALhouse_mesh3377,302,191,-0.0146
RESIDENTIALhouse_mesh3414,864,190,-0.0472
RESIDENTIALhouse_mesh3433,3795,663,-0.1277
RESIDENTIALhouse_mesh3434,4575,726,-0.1748
RESIDENTIALhouse_mesh3440,224,148,-0.0302
RESIDENTIALhouse_mesh3453,220,133,-0.0095
RESIDENTIALhouse_mesh3455,1048,319,-0.0589
RESIDENTIALhouse_mesh3480,709,221,-0.0423
RESIDENTIALhouse_mesh3484,3686,563,-0.1797
RESIDENTIALhouse_mesh3490,571,299,-0.0186
RESIDENTIALhouse_mesh3496,5865,765,-0.1756
RESIDENTIALhouse_mesh3501,245,187,-0.0132
RESIDENTIALhouse_mesh3507,2227,970,-0.0600
RESIDENTIALhouse_mesh3513,424,367,-0.0098
RESIDENTIALhouse_mesh3518,5096,977,-0.1106
RESIDENTIALhouse_mesh3534,383,171,-0.0204
RESIDENTIALhouse_mesh3568,8,7,-0.0083
RESIDENTIALhouse_mesh3650,1960,394,-0.0919
RESIDENTIALhouse_mesh3652,5517,1263,-0.1285
RESIDENTIALhouse_mesh3673,325,229,-0.0187
RESIDENTIALhouse_mesh3689,272,212,-0.0122
RESIDENTIALhouse_mesh3714,14033,1102,-0.2300
RESIDENTIALhouse_mesh3723,2529,771,-0.0514
RESIDENTIALhouse_mesh3739,568,357,-0.0366
RESIDENTIALhouse_mesh3746,2276,935,-0.0274
RESIDENTIALhouse_mesh3750,66,39,-0.0273
RESIDENTIALhouse_mesh3756,5352,838,-0.1670
RESIDENTIALhouse_mesh3790,751,411,-0.0158
RESIDENTIALhouse_mesh3794,375,97,-0.0787
RESIDENTIALhouse_mesh3797,82,56,-0.0213
RESIDENTIALhouse_mesh3799,467,248,-0.0395
RESIDENTIALhouse_mesh3801,1373,504,-0.0587
RESIDENTIALhouse_mesh3802,5210,464,-0.2183
RESIDENTIALhouse_mesh3805,6369,597,-0.2072
RESIDENTIALhouse_mesh3844,2198,597,-0.1151
RESIDENTIALhouse_mesh3855,168,91,-0.0069
RESIDENTIALhouse_mesh3857,922,762,-0.0207
RESIDENTIALhouse_mesh3868,102,57,-0.0087
RESIDENTIALhouse_mesh3872,6565,915,-0.1709
RESIDENTIALhouse_mesh3873,233,164,-0.0158
RESIDENTIALhouse_mesh3877,22538,1508,-0.2780
RESIDENTIALhouse_mesh3881,18753,1174,-0.3591
RESIDENTIALhouse_mesh3901,3577,464,-0.1364
RESIDENTIALhouse_mesh3903,369,227,-0.0143
RESIDENTIALhouse_mesh3907,971,582,-0.0345
RESIDENTIALhouse_mesh3939,3022,846,-0.0493
RESIDENTIALhouse_mesh3971,2015,1029,-0.0186
RESIDENTIALhouse_mesh3973,1913,456,-0.1181
RESIDENTIALhouse_mesh3979,284,168,-0.0094
RESIDENTIALhouse_mesh3982,816,316,-0.0650
RESIDENTIALhouse_mesh3983,569,281,-0.0470
RESIDENTIALhouse_mesh3994,896,357,-0.0167
RESIDENTIALhouse_mesh4021,24610,1305,-0.3856
RESIDENTIALhouse_mesh4033,5709,931,-0.2072
RESIDENTIALhouse_mesh4045,834,282,-0.0591
RESIDENTIALhouse_mesh4048,251,141,-0.0102
RESIDENTIALhouse_mesh4049,4891,822,-0.1798
RESIDENTIALhouse_mesh4067,3745,714,-0.1250
RESIDENTIALhouse_mesh4092,1575,231,-0.1209
RESIDENTIALhouse_mesh4117,157,90,-0.0094
RESIDENTIALhouse_mesh4123,3106,1566,-0.0219
RESIDENTIALhouse_mesh4130,1312,528,-0.0527
RESIDENTIALhouse_mesh4151,5505,1359,-0.1246
RESIDENTIALhouse_mesh4158,2776,446,-0.1234
RESIDENTIALhouse_mesh4160,647,323,-0.0165
RESIDENTIALhouse_mesh4162,211,106,-0.0115
RESIDENTIALhouse_mesh4171,4726,468,-0.2133
RESIDENTIALhouse_mesh4177,228,169,-0.0144
RESIDENTIALhouse_mesh4182,228,126,-0.0098
RESIDENTIALhouse_mesh4188,7650,1403,-0.0926
RESIDENTIALhouse_mesh4190,2466,393,-0.0946
RESIDENTIALhouse_mesh4195,183,114,-0.0077
RESIDENTIALhouse_mesh4208,29094,1428,-0.3900
RESIDENTIALhouse_mesh4225,295,212,-0.0110
RESIDENTIALhouse_mesh4227,5915,873,-0.1523
RESIDENTIALhouse_mesh4230,1008,772,-0.0226
RESIDENTIALhouse_mesh4234,1373,843,-0.0188
RESIDENTIALhouse_mesh4255,1844,513,-0.0155
RESIDENTIALhouse_mesh4264,8593,1305,-0.2197
RESIDENTIALhouse_mesh4271,2337,376,-0.1277
RESIDENTIALhouse_mesh4278,7594,744,-0.1988
RESIDENTIALhouse_mesh4280,3101,580,-0.1154
RESIDENTIALhouse_mesh4286,1043,399,-0.0623
RESIDENTIALhouse_mesh4298,6969,583,-0.2322
RESIDENTIALhouse_mesh4303,308,260,-0.0121
RESIDENTIALhouse_mesh4311,1249,455,-0.0731
RESIDENTIALhouse_mesh4333,336,134,-0.0223
RESIDENTIALhouse_mesh4344,7830,1221,-0.1295
RESIDENTIALhouse_mesh4349,173,143,-0.0225
RESIDENTIALhouse_mesh4356,1085,387,-0.1111
RESIDENTIALhouse_mesh4359,664,228,-0.0858
RESIDENTIALhouse_mesh4362,297,275,-0.0151
RESIDENTIALhouse_mesh4387,594,348,-0.0215
RESIDENTIALhouse_mesh4406,370,232,-0.0261
RESIDENTIALhouse_mesh4413,22754,1525,-0.3119
RESIDENTIALhouse_mesh4435,7373,859,-0.2468
RESIDENTIALhouse_mesh4466,803,324,-0.0333
RESIDENTIALhouse_mesh4492,2689,665,-0.0900
RESIDENTIALhouse_mesh4524,764,294,-0.0677
RESIDENTIALhouse_mesh4548,153,83,-0.0291
RESIDENTIALhouse_mesh4551,65334,2017,-0.4054
RESIDENTIALhouse_mesh4553,1770,864,-0.0407
RESIDENTIALhouse_mesh4565,4672,999,-0.0618
RESIDENTIALhouse_mesh4572,280,249,-0.0443
RESIDENTIALhouse_mesh4578,393,242,-0.0129
RESIDENTIALhouse_mesh4580,7679,1703,-0.1534
RESIDENTIALhouse_mesh4614,125,88,-0.0080
RESIDENTIALhouse_mesh4668,574,433,-0.0182
RESIDENTIALhouse_mesh4690,6090,1369,-0.1175
RESIDENTIALhouse_mesh4691,2963,516,-0.1635
RESIDENTIALhouse_mesh4709,14968,1961,-0.1678
RESIDENTIALhouse_mesh4713,492,351,-0.0113
RESIDENTIALhouse_mesh4717,192,167,-0.0103
RESIDENTIALhouse_mesh4728,381,233,-0.0314
RESIDENTIALhouse_mesh4729,5283,1715,-0.1205
RESIDENTIALhouse_mesh4752,1350,409,-0.0760
RESIDENTIALhouse_mesh4755,415,165,-0.0343
RESIDENTIALhouse_mesh4765,1202,298,-0.0864
RESIDENTIALhouse_mesh4776,1026,280,-0.0818
RESIDENTIALhouse_mesh4795,2945,734,-0.1252
RESIDENTIALhouse_mesh4810,206,171,-0.0223
RESIDENTIALhouse_mesh4811,1839,433,-0.0353
RESIDENTIALhouse_mesh4815,16966,1409,-0.2621
RESIDENTIALhouse_mesh4827,3376,877,-0.0832
RESIDENTIALhouse_mesh4844,471,320,-0.0154
RESIDENTIALhouse_mesh4847,2378,424,-0.0906
RESIDENTIALhouse_mesh4850,127,72,-0.0148
RESIDENTIALhouse_mesh4858,5215,968,-0.0597
RESIDENTIALhouse_mesh4870,4749,463,-0.2035
RESIDENTIALhouse_mesh4885,7803,1880,-0.0740
RESIDENTIALhouse_mesh4893,3959,646,-0.1028
RESIDENTIALhouse_mesh4901,20883,1361,-0.3662
RESIDENTIALhouse_mesh4904,887,403,-0.0201
RESIDENTIALhouse_mesh4905,36651,1540,-0.3943
RESIDENTIALhouse_mesh4931,621,286,-0.0605
RESIDENTIALhouse_mesh4958,1892,810,-0.0555
RESIDENTIALhouse_mesh4965,285,235,-0.0361
RESIDENTIALhouse_mesh4972,508,337,-0.0295
RESIDENTIALhouse_mesh5009,202,108,-0.0425
RESIDENTIALhouse_mesh5041,990,473,-0.0892
RESIDENTIALhouse_mesh5049,892,376,-0.0586
RESIDENTIALhouse_mesh5054,290,209,-0.0143
RESIDENTIALhouse_mesh5058,1435,254,-0.1231
RESIDENTIALhouse_mesh5068,1393,640,-0.0485
RESIDENTIALhouse_mesh5069,639,333,-0.0476
RESIDENTIALhouse_mesh5076,684,479,-0.0145
RESIDENTIALhouse_mesh5100,5701,728,-0.1799
RESIDENTIALhouse_mesh5103,1278,209,-0.1190
RESIDENTIALhouse_mesh5145,409,224,-0.0164
RESIDENTIALhouse_mesh5165,681,456,-0.0242
RESIDENTIALhouse_mesh5170,6024,641,-0.2178
RESIDENTIALhouse_mesh5173,2084,994,-0.0601
RESIDENTIALhouse_mesh5184,1493,605,-0.0425
RESIDENTIALhouse_mesh5203,8980,1473,-0.1476
RESIDENTIALhouse_mesh5211,1769,517,-0.0135
RESIDENTIALhouse_mesh5224,1439,633,-0.0259
RESIDENTIALhouse_mesh5231,2580,814,-0.0685
RESIDENTIALhouse_mesh5234,420,144,-0.0383
RESIDENTIALhouse_mesh5254,8113,766,-0.1935
RESIDENTIALhouse_mesh5257,172,162,-0.0073
RESIDENTIALhouse_mesh5258,4812,1488,-0.1263
RESIDENTIALhouse_mesh5265,988,434,-0.0246
RESIDENTIALhouse_mesh5275,1768,718,-0.1126
RESIDENTIALhouse_mesh5295,329,138,-0.0345
RESIDENTIALhouse_mesh5311,1131,541,-0.0187
RESIDENTIALhouse_mesh5315,3124,536,-0.1340
RESIDENTIALhouse_mesh5318,1793,696,-0.0677
RESIDENTIALhouse_mesh5340,1736,448,-0.0569
RESIDENTIALhouse_mesh5360,806,537,-0.0192
RESIDENTIALhouse_mesh5374,292,227,-0.0252
RESIDENTIALhouse_mesh5387,2649,944,-0.0988
RESIDENTIALhouse_mesh5388,1830,689,-0.0455
RESIDENTIALhouse_mesh5394,2805,1425,-0.0216
RESIDENTIALhouse_mesh5411,293,102,-0.0572
RESIDENTIALhouse_mesh5436,726,142,-0.1057
RESIDENTIALhouse_mesh5438,453,306,-0.0167
RESIDENTIALhouse_mesh5454,1807,748,-0.0171
RESIDENTIALhouse_mesh5479,33,28,-0.0176
RESIDENTIALhouse_mesh5503,8171,1155,-0.2424
RESIDENTIALhouse_mesh5508,320,145,-0.0182
RESIDENTIALhouse_mesh5557,349,198,-0.0135
RESIDENTIALhouse_mesh5560,295,188,-0.0155
RESIDENTIALhouse_mesh5581,17625,1162,-0.3018
RESIDENTIALhouse_mesh5582,83,40,-0.0301
RESIDENTIALhouse_mesh5631,1031,381,-0.0376
RESIDENTIALhouse_mesh5634,9533,1207,-0.1939
RESIDENTIALhouse_mesh5640,193,142,-0.0121
RESIDENTIALhouse_mesh5662,374,197,-0.0237
RESIDENTIALhouse_mesh5678,2772,550,-0.1039
RESIDENTIALhouse_mesh5686,1235,510,-0.0182
RESIDENTIALhouse_mesh5687,15616,1076,-0.2862
RESIDENTIALhouse_mesh5696,1424,436,-0.0824
RESIDENTIALhouse_mesh5740,257,143,-0.0095
RESIDENTIALhouse_mesh5742,637,474,-0.0281
RESIDENTIALhouse_mesh5772,810,325,-0.0509
RESIDENTIALhouse_mesh5779,359,172,-0.0081
RESIDENTIALhouse_mesh5792,1031,514,-0.0194
RESIDENTIALhouse_mesh5793,776,296,-0.0488
RESIDENTIALhouse_mesh5795,513,246,-0.0481
RESIDENTIALhouse_mesh5796,5944,887,-0.1780
RESIDENTIALhouse_mesh5798,1923,368,-0.0777
RESIDENTIALhouse_mesh5801,929,398,-0.0127
RESIDENTIALhouse_mesh5812,213,119,-0.0113
RESIDENTIALhouse_mesh5819,592,208,-0.0567
RESIDENTIALhouse_mesh5826,3279,997,-0.1447
RESIDENTIALhouse_mesh5951,103,70,-0.0073
RESIDENTIALhouse_mesh5954,3028,693,-0.1171
RESIDENTIALhouse_mesh5955,1203,398,-0.0776
RESIDENTIALhouse_mesh5957,7975,1961,-0.1330
RESIDENTIALhouse_mesh5963,2292,1095,-0.0422
RESIDENTIALhouse_mesh5978,1209,588,-0.0309
RESIDENTIALhouse_mesh6006,7324,1484,-0.1147
RESIDENTIALhouse_mesh6035,809,446,-0.0468
RESIDENTIALhouse_mesh6036,379,318,-0.0194
RESIDENTIALhouse_mesh6051,1925,439,-0.0417
RESIDENTIALhouse_mesh6081,183,106,-0.0214
RESIDENTIALhouse_mesh6091,1694,229,-0.0803
RESIDENTIALhouse_mesh6095,489,125,-0.0853
RESIDENTIALhouse_mesh6099,295,219,-0.0132
RESIDENTIALhouse_mesh6114,639,327,-0.0165
RESIDENTIALhouse_mesh6120,63,47,-0.0236
RESIDENTIALhouse_mesh6122,3680,827,-0.1074
RESIDENTIALhouse_mesh6129,875,580,-0.0148
RESIDENTIALhouse_mesh6140,1860,362,-0.0675
RESIDENTIALhouse_mesh6149,536,292,-0.0245
RESIDENTIALhouse_mesh6183,376,171,-0.0186
RESIDENTIALhouse_mesh6207,401,261,-0.0070
RESIDENTIALhouse_mesh6210,249,129,-0.0351
RESIDENTIALhouse_mesh6280,373,234,-0.0235
RESIDENTIALhouse_mesh6304,585,208,-0.0617
RESIDENTIALhouse_mesh6337,990,416,-0.0410
RESIDENTIALhouse_mesh6341,5381,1786,-0.1407
RESIDENTIALhouse_mesh6385,1076,414,-0.0210
RESIDENTIALhouse_mesh6392,168,84,-0.0103
RESIDENTIALhouse_mesh6400,4981,507,-0.2194
RESIDENTIALhouse_mesh6414,251,130,-0.0061
RESIDENTIALhouse_mesh6415,119,82,-0.0220
RESIDENTIALhouse_mesh6424,20927,1546,-0.3324
RESIDENTIALhouse_mesh6450,1339,791,-0.0707
RESIDENTIALhouse_mesh6505,174,70,-0.0478
RESIDENTIALhouse_mesh6519,770,333,-0.0300
RESIDENTIALhouse_mesh6521,145,102,-0.0252
RESIDENTIALhouse_mesh6525,1616,675,-0.0607
RESIDENTIALhouse_mesh6537,461,310,-0.0158
RESIDENTIALhouse_mesh6551,841,546,-0.0240
RESIDENTIALhouse_mesh6555,2001,433,-0.1405
RESIDENTIALhouse_mesh6561,1368,546,-0.0445
RESIDENTIALhouse_mesh6574,2175,699,-0.0841
RESIDENTIALhouse_mesh6578,1918,488,-0.0845
RESIDENTIALhouse_mesh6597,260,109,-0.0229
RESIDENTIALhouse_mesh6604,999,602,-0.1020
RESIDENTIALhouse_mesh6610,7223,1279,-0.1583
RESIDENTIALhouse_mesh6614,498,180,-0.0244
RESIDENTIALhouse_mesh6619,18274,1289,-0.2421
RESIDENTIALhouse_mesh6622,683,371,-0.0505
RESIDENTIALhouse_mesh6639,13826,1634,-0.1694
RESIDENTIALhouse_mesh6668,1363,268,-0.0995
RESIDENTIALhouse_mesh6671,58,43,-0.0064
RESIDENTIALhouse_mesh6677,485,156,-0.0704
RESIDENTIALhouse_mesh6689,34266,1886,-0.3884
RESIDENTIALhouse_mesh6700,643,361,-0.0125
RESIDENTIALhouse_mesh6728,3296,474,-0.2335
RESIDENTIALhouse_mesh6733,413,271,-0.0218
RESIDENTIALhouse_mesh6737,5679,716,-0.1938
RESIDENTIALhouse_mesh6742,406,139,-0.0615
RESIDENTIALhouse_mesh6751,916,541,-0.0266
RESIDENTIALhouse_mesh6762,297,199,-0.0329
RESIDENTIALhouse_mesh6775,3287,537,-0.1477
RESIDENTIALhouse_mesh6798,316,136,-0.0236
RESIDENTIALhouse_mesh6803,134,100,-0.0227
RESIDENTIALhouse_mesh6816,4007,1109,-0.0842
RESIDENTIALhouse_mesh6830,233,160,-0.0285
RESIDENTIALhouse_mesh6832,1106,236,-0.1164
RESIDENTIALhouse_mesh6837,370,158,-0.0184
RESIDENTIALhouse_mesh6840,6499,1378,-0.1133
RESIDENTIALhouse_mesh6883,512,268,-0.0214
RESIDENTIALhouse_mesh6891,593,122,-0.0785
RESIDENTIALhouse_mesh6897,2074,505,-0.0852
RESIDENTIALhouse_mesh6908,3263,495,-0.1588
RESIDENTIALhouse_mesh6929,6290,776,-0.2396
RESIDENTIALhouse_mesh6939,2899,611,-0.1359
RESIDENTIALhouse_mesh6948,10976,1703,-0.1740
RESIDENTIALhouse_mesh6952,512,253,-0.0789
RESIDENTIALhouse_mesh6960,1055,407,-0.0801
RESIDENTIALhouse_mesh6963,9745,1753,-0.1524
RESIDENTIALhouse_mesh6995,978,511,-0.0504
RESIDENTIALhouse_mesh6999,3523,597,-0.1403
RESIDENTIALhouse_mesh7024,1770,1225,-0.0585
RESIDENTIALhouse_mesh7032,963,356,-0.0453
RESIDENTIALhouse_mesh7037,200,134,-0.0261
RESIDENTIALhouse_mesh7074,635,345,-0.0264
RESIDENTIALhouse_mesh7091,1741,382,-0.1061
RESIDENTIALhouse_mesh7097,5754,618,-0.2225
RESIDENTIALhouse_mesh7146,2145,829,-0.0211
RESIDENTIALhouse_mesh7166,425,302,-0.0374
RESIDENTIALhouse_mesh7179,222,90,-0.0264
RESIDENTIALhouse_mesh7187,3356,694,-0.1206
RESIDENTIALhouse_mesh7199,486,312,-0.0257
RESIDENTIALhouse_mesh7205,1522,205,-0.1258
RESIDENTIALhouse_mesh7213,1934,233,-0.1350
RESIDENTIALhouse_mesh7218,7079,1280,-0.1626
RESIDENTIALhouse_mesh7219,3914,651,-0.1279
RESIDENTIALhouse_mesh7222,6360,562,-0.2488
RESIDENTIALhouse_mesh7233,2225,1072,-0.0535
RESIDENTIALhouse_mesh7234,368,295,-0.0427
RESIDENTIALhouse_mesh7247,1607,254,-0.1663
RESIDENTIALhouse_mesh7278,131,73,-0.0075
RESIDENTIALhouse_mesh7280,217,118,-0.0306
RESIDENTIALhouse_mesh7286,1714,570,-0.0566
RESIDENTIALhouse_mesh7297,1806,594,-0.1060
RESIDENTIALhouse_mesh7335,342,216,-0.0266
RESIDENTIALhouse_mesh7336,2202,528,-0.1007
RESIDENTIALhouse_mesh7344,2527,732,-0.0984
RESIDENTIALhouse_mesh7363,260,213,-0.0142
RESIDENTIALhouse_mesh7364,3551,757,-0.1480
RESIDENTIALhouse_mesh7369,6242,1047,-0.1511
RESIDENTIALhouse_mesh7377,1019,626,-0.0420
RESIDENTIALhouse_mesh7395,418,293,-0.0258
RESIDENTIALhouse_mesh7426,831,451,-0.0880
RESIDENTIALhouse_mesh7439,1263,365,-0.1000
RESIDENTIALhouse_mesh7447,1970,958,-0.0232
RESIDENTIALhouse_mesh7465,1590,219,-0.1725
RESIDENTIALhouse_mesh7470,7327,608,-0.2162
RESIDENTIALhouse_mesh7474,3047,741,-0.0628
RESIDENTIALhouse_mesh7477,7940,755,-0.1987
RESIDENTIALhouse_mesh7485,22086,1277,-0.3928
RESIDENTIALhouse_mesh7487,3422,551,-0.1378
RESIDENTIALhouse_mesh7489,180,61,-0.0408
RESIDENTIALhouse_mesh7499,1649,350,-0.1021
RESIDENTIALhouse_mesh7526,3907,1025,-0.1270
RESIDENTIALhouse_mesh7537,5481,447,-0.1814
RESIDENTIALhouse_mesh7553,358,180,-0.0137
RESIDENTIALhouse_mesh7555,386,245,-0.0248
RESIDENTIALhouse_mesh7563,978,747,-0.0167
RESIDENTIALhouse_mesh7568,4853,790,-0.2430
RESIDENTIALhouse_mesh7571,1928,376,-0.0964
RESIDENTIALhouse_mesh7583,1098,406,-0.0354
RESIDENTIALhouse_mesh7595,281,147,-0.0358
RESIDENTIALhouse_mesh7622,1492,527,-0.0255
RESIDENTIALhouse_mesh7637,761,140,-0.1194
RESIDENTIALhouse_mesh7641,194,82,-0.0403
RESIDENTIALhouse_mesh7686,454,262,-0.0175
RESIDENTIALhouse_mesh7765,359,206,-0.0141
RESIDENTIALhouse_mesh7780,45,40,-0.0107
RESIDENTIALhouse_mesh7783,620,313,-0.0368
RESIDENTIALhouse_mesh7790,569,288,-0.0276
RESIDENTIALhouse_mesh7792,3322,333,-0.0280
RESIDENTIALhouse_mesh7793,1271,223,-0.1183
RESIDENTIALhouse_mesh7796,473,229,-0.0298
RESIDENTIALhouse_mesh7799,4523,612,-0.1498
RESIDENTIALhouse_mesh7806,20053,1357,-0.3229
RESIDENTIALhouse_mesh7862,5915,656,-0.2027
RESIDENTIALhouse_mesh7882,8931,1754,-0.1337
RESIDENTIALhouse_mesh7889,3375,449,-0.1239
RESIDENTIALhouse_mesh7890,2113,426,-0.0563
RESIDENTIALhouse_mesh7901,821,267,-0.0345
RESIDENTIALhouse_mesh7907,827,339,-0.0302
RESIDENTIALhouse_mesh7919,15374,1835,-0.2135
RESIDENTIALhouse_mesh7920,639,271,-0.0385
RESIDENTIALhouse_mesh7925,330,210,-0.0342
RESIDENTIALhouse_mesh7943,2864,934,-0.0745
RESIDENTIALhouse_mesh7965,2142,496,-0.1084
RESIDENTIALhouse_mesh7966,654,538,-0.0254
RESIDENTIALhouse_mesh8022,2780,650,-0.1875
RESIDENTIALhouse_mesh8023,3003,1863,-0.0771
RESIDENTIALhouse_mesh8041,2412,500,-0.0982
RESIDENTIALhouse_mesh8042,149,104,-0.0101
RESIDENTIALhouse_mesh8086,238,135,-0.0098
RESIDENTIALhouse_mesh8097,4853,1106,-0.1919
RESIDENTIALhouse_mesh8102,2809,326,-0.2049
RESIDENTIALhouse_mesh8115,567,353,-0.0359
RESIDENTIALhouse_mesh8131,763,148,-0.0666
RESIDENTIALhouse_mesh8132,645,351,-0.0217
RESIDENTIALhouse_mesh8138,9999,1213,-0.1857
RESIDENTIALhouse_mesh8147,1549,285,-0.1288
RESIDENTIALhouse_mesh8149,16404,1206,-0.3545
RESIDENTIALhouse_mesh8157,936,175,-0.1128
RESIDENTIALhouse_mesh8169,104,71,-0.0189
RESIDENTIALhouse_mesh8192,1180,603,-0.0552
RESIDENTIALhouse_mesh8215,521,275,-0.0358
RESIDENTIALhouse_mesh8221,7856,775,-0.1536
RESIDENTIALhouse_mesh8226,408,133,-0.0774
RESIDENTIALhouse_mesh8240,10187,1652,-0.1170
RESIDENTIALhouse_mesh8262,64,52,-0.0055
RESIDENTIALhouse_mesh8280,770,217,-0.0768
RESIDENTIALhouse_mesh8290,3660,672,-0.1247
RESIDENTIALhouse_mesh8294,1460,691,-0.0459
RESIDENTIALhouse_mesh8299,151,79,-0.0305
RESIDENTIALhouse_mesh8304,100,46,-0.0453
RESIDENTIALhouse_mesh8326,21948,1679,-0.3291
RESIDENTIALhouse_mesh8372,940,391,-0.0418
RESIDENTIALhouse_mesh8375,137,96,-0.0215
RESIDENTIALhouse_mesh8400,342,216,-0.0265
RESIDENTIALhouse_mesh8406,17535,1121,-0.2572
RESIDENTIALhouse_mesh8430,875,170,-0.1313
RESIDENTIALhouse_mesh8433,299,219,-0.0237
RESIDENTIALhouse_mesh8435,128,86,-0.0116
RESIDENTIALhouse_mesh8439,281,242,-0.0100
RESIDENTIALhouse_mesh8443,5142,1779,-0.0239
RESIDENTIALhouse_mesh8452,6075,1317,-0.1107
RESIDENTIALhouse_mesh8494,1077,206,-0.1130
RESIDENTIALhouse_mesh8520,119,57,-0.0056
RESIDENTIALhouse_mesh8525,12692,1528,-0.2281
RESIDENTIALhouse_mesh8528,1160,334,-0.0756
RESIDENTIALhouse_mesh8532,3246,1018,-0.0587
RESIDENTIALhouse_mesh8547,2854,1187,-0.0830
RESIDENTIALhouse_mesh8596,3501,382,-0.2148
RESIDENTIALhouse_mesh8602,510,317,-0.0129
RESIDENTIALhouse_mesh8607,961,583,-0.0300
RESIDENTIALhouse_mesh8612,516,303,-0.0242
RESIDENTIALhouse_mesh8644,919,377,-0.0346
RESIDENTIALhouse_mesh8649,194,89,-0.0315
RESIDENTIALhouse_mesh8672,1161,466,-0.0334
RESIDENTIALhouse_mesh8696,1564,467,-0.0996
RESIDENTIALhouse_mesh8708,622,220,-0.0558
RESIDENTIALhouse_mesh8726,512,309,-0.0375
RESIDENTIALhouse_mesh8732,1495,755,-0.0218
RESIDENTIALhouse_mesh8733,9106,1652,-0.1659
RESIDENTIALhouse_mesh8738,332,157,-0.0288
RESIDENTIALhouse_mesh8772,4367,706,-0.1292
RESIDENTIALhouse_mesh8806,122,94,-0.0158
RESIDENTIALhouse_mesh8812,13238,1504,-0.1518
RESIDENTIALhouse_mesh8823,733,173,-0.1281
RESIDENTIALhouse_mesh8832,343,181,-0.0125
RESIDENTIALhouse_mesh8882,2316,976,-0.0356
RESIDENTIALhouse_mesh8886,230,136,-0.0279
RESIDENTIALhouse_mesh8894,154,74,-0.0342
RESIDENTIALhouse_mesh8895,936,176,-0.1007
RESIDENTIALhouse_mesh8900,5243,1817,-0.0560
RESIDENTIALhouse_mesh8917,2039,626,-0.0684
RESIDENTIALhouse_mesh8918,1244,357,-0.0374
RESIDENTIALhouse_mesh8951,7386,1512,-0.1282
RESIDENTIALhouse_mesh9001,105,81,-0.0245
RESIDENTIALhouse_mesh9002,1303,751,-0.0344
RESIDENTIALhouse_mesh9022,942,515,-0.0218
RESIDENTIALhouse_mesh9023,7615,1707,-0.0656
RESIDENTIALhouse_mesh9071,11980,940,-0.2883
RESIDENTIALhouse_mesh9098,10128,1400,-0.1553
RESIDENTIALhouse_mesh9102,478,208,-0.0256
RESIDENTIALhouse_mesh9127,9501,1032,-0.1934
RESIDENTIALhouse_mesh9138,26992,1902,-0.3646
RESIDENTIALhouse_mesh9145,670,272,-0.0127
RESIDENTIALhouse_mesh9153,8000,1536,-0.2027
RESIDENTIALhouse_mesh9170,2338,663,-0.0706
RESIDENTIALhouse_mesh9175,909,378,-0.0630
RESIDENTIALhouse_mesh9176,780,608,-0.0369
RESIDENTIALhouse_mesh9188,1978,356,-0.1139
RESIDENTIALhouse_mesh9196,386,284,-0.0103
RESIDENTIALhouse_mesh9227,18813,1423,-0.2935
RESIDENTIALhouse_mesh9233,2278,676,-0.0901
RESIDENTIALhouse_mesh9278,4401,537,-0.1574
RESIDENTIALhouse_mesh9298,1014,650,-0.0413
RESIDENTIALhouse_mesh9307,9094,1008,-0.2629
RESIDENTIALhouse_mesh9313,5500,588,-0.2081
RESIDENTIALhouse_mesh9339,1213,247,-0.1253
RESIDENTIALhouse_mesh9343,348,240,-0.0108
RESIDENTIALhouse_mesh9360,3422,554,-0.1232
RESIDENTIALhouse_mesh9367,8043,592,-0.3035
RESIDENTIALhouse_mesh9379,2737,1047,-0.0300
RESIDENTIALhouse_mesh9405,189,125,-0.0024
RESIDENTIALhouse_mesh9411,3292,423,-0.1530
RESIDENTIALhouse_mesh9419,482,442,-0.0195
RESIDENTIALhouse_mesh9430,4430,777,-0.1660
RESIDENTIALhouse_mesh9441,4645,1225,-0.1612
RESIDENTIALhouse_mesh9452,787,400,-0.0378
RESIDENTIALhouse_mesh9459,210,176,-0.0276
RESIDENTIALhouse_mesh9463,742,197,-0.1152
RESIDENTIALhouse_mesh9474,8699,1028,-0.1586
RESIDENTIALhouse_mesh9483,589,216,-0.1245
RESIDENTIALhouse_mesh9486,544,316,-0.0372
RESIDENTIALhouse_mesh9492,3406,1109,-0.0725
RESIDENTIALhouse_mesh9498,630,283,-0.0287
RESIDENTIALhouse_mesh9503,690,381,-0.0170
RESIDENTIALhouse_mesh9504,177,156,-0.0137
RESIDENTIALhouse_mesh9516,11432,938,-0.2994
RESIDENTIALhouse_mesh9532,4637,1176,-0.1139
RESIDENTIALhouse_mesh9573,736,418,-0.0171
RESIDENTIALhouse_mesh9574,5413,1365,-0.1065
RESIDENTIALhouse_mesh9582,14949,1200,-0.2936
RESIDENTIALhouse_mesh9585,658,270,-0.0596
RESIDENTIALhouse_mesh9598,714,303,-0.0660
RESIDENTIALhouse_mesh9610,1837,926,-0.0814
RESIDENTIALhouse_mesh9640,2166,405,-0.1567
RESIDENTIALhouse_mesh9657,18731,2363,-0.2156
RESIDENTIALhouse_mesh9659,1911,769,-0.0491
RESIDENTIALhouse_mesh9695,294,217,-0.0379
RESIDENTIALhouse_mesh9709,19106,1779,-0.2303
RESIDENTIALhouse_mesh9715,26113,1318,-0.3617
RESIDENTIALhouse_mesh9777,15467,1359,-0.2541
RESIDENTIALhouse_mesh9779,250,191,-0.0121
RESIDENTIALhouse_mesh9780,478,272,-0.0497
RESIDENTIALhouse_mesh9783,123,69,-0.0293
RESIDENTIALhouse_mesh9787,726,356,-0.0162
RESIDENTIALhouse_mesh9803,238,143,-0.0180
RESIDENTIALhouse_mesh9804,6640,652,-0.1915
RESIDENTIALhouse_mesh9808,638,304,-0.0187
RESIDENTIALhouse_mesh9820,248,132,-0.0479
RESIDENTIALhouse_mesh9824,8038,709,-0.1992
RESIDENTIALhouse_mesh9834,360,259,-0.0151
RESIDENTIALhouse_mesh9862,3611,704,-0.1197
RESIDENTIALhouse_mesh9864,585,82,-0.0697
RESIDENTIALhouse_mesh9884,1734,343,-0.1281
RESIDENTIALhouse_mesh9905,399,90,-0.0763
RESIDENTIALhouse_mesh9928,14077,946,-0.2466
RESIDENTIALhouse_mesh9936,38070,1647,-0.4426
RESIDENTIALhouse_mesh9965,9217,1021,-0.2232
RESIDENTIALhouse_mesh9968,1255,360,-0.0250
RESIDENTIALhouse_mesh9969,27814,1043,-0.3423
RESIDENTIALhouse_mesh9979,7985,1136,-0.1408
RESIDENTIALhouse_mesh9992,4152,607,-0.1458
RESIDENTIALhouse_mesh9997,224,84,-0.0689
RESIDENTIALhouse_mesh9998,232,110,-0.0200
RESIDENTIALmosque_mesh0079,1200,309,-0.1476
RESIDENTIALmosque_mesh0301,1892,393,-0.1561
RESIDENTIALmuseum_mesh0881,6699,628,-0.2290
RESIDENTIALmuseum_mesh1033,7344,657,-0.2192
RESIDENTIALmuseum_mesh1187,2806,1135,-0.0277
RESIDENTIALmuseum_mesh1221,1477,751,-0.0300
RESIDENTIALmuseum_mesh2070,1094,462,-0.0816
RESIDENTIALmuseum_mesh2270,7568,925,-0.2078
RESIDENTIALmuseum_mesh2334,1540,233,-0.1096
RESIDENTIALoffice_building_mesh0224,10553,1150,-0.2078
RESIDENTIALoffice_building_mesh0391,186,128,-0.0092
RESIDENTIALoffice_building_mesh0782,16044,1109,-0.2407
RESIDENTIALoffice_building_mesh0952,8253,448,-0.2292
RESIDENTIALoffice_building_mesh0974,206,76,-0.0269
RESIDENTIALoffice_building_mesh1052,1331,452,-0.0591
RESIDENTIALoffice_building_mesh1111,241,178,-0.0103
RESIDENTIALoffice_building_mesh1273,1097,478,-0.0221
RESIDENTIALoffice_building_mesh1503,490,448,-0.0123
RESIDENTIALoffice_building_mesh1863,142,104,-0.0100
RESIDENTIALoffice_building_mesh1904,137,80,-0.0270
RESIDENTIALoffice_building_mesh1956,19338,2205,-0.2101
RESIDENTIALoffice_building_mesh2138,3056,757,-0.0747
RESIDENTIALoffice_building_mesh2295,921,192,-0.1095
RESIDENTIALoffice_building_mesh2616,2150,457,-0.1497
RESIDENTIALoffice_building_mesh2695,2922,743,-0.0787
RESIDENTIALoffice_building_mesh2729,275,226,-0.0125
RESIDENTIALoffice_building_mesh2765,1740,756,-0.0673
RESIDENTIALoffice_building_mesh2773,1739,413,-0.0126
RESIDENTIALoffice_building_mesh2842,971,399,-0.0111
RESIDENTIALoffice_building_mesh2847,4296,1464,-0.0585
RESIDENTIALoffice_building_mesh2868,1454,367,-0.1226
RESIDENTIALoffice_building_mesh2953,449,229,-0.0115
RESIDENTIALoffice_building_mesh3004,1418,358,-0.1133
RESIDENTIALoffice_building_mesh3115,12643,1178,-0.2849
RESIDENTIALoffice_building_mesh3179,286,172,-0.0219
RESIDENTIALoffice_building_mesh3333,506,214,-0.0340
RESIDENTIALoffice_building_mesh3356,7983,711,-0.2654
RESIDENTIALoffice_building_mesh3362,358,187,-0.0142
RESIDENTIALoffice_building_mesh3683,5630,568,-0.2448
RESIDENTIALpalace_mesh0169,10272,753,-0.1931
RESIDENTIALpalace_mesh0472,2048,785,-0.0537
RESIDENTIALpalace_mesh0507,777,431,-0.0454
RESIDENTIALpalace_mesh0632,142,92,-0.0167
RESIDENTIALpalace_mesh0660,7520,833,-0.2315
RESIDENTIALpalace_mesh0820,548,242,-0.0233
RESIDENTIALpalace_mesh1086,15469,1275,-0.3040
RESIDENTIALpalace_mesh1308,373,265,-0.0212
RESIDENTIALpalace_mesh1332,2255,366,-0.1646
RESIDENTIALschool_building_mesh0021,258,107,-0.0240
RESIDENTIALschool_building_mesh0097,187,94,-0.0299
RESIDENTIALschool_building_mesh0438,4848,1880,-0.0252
RESIDENTIALschool_building_mesh0534,317,187,-0.0363
RESIDENTIALschool_building_mesh0693,7528,725,-0.2046
RESIDENTIALschool_building_mesh0807,313,146,-0.0166
RESIDENTIALschool_building_mesh0941,29062,1478,-0.3749
RESIDENTIALschool_building_mesh1193,42,36,-0.0128
RESIDENTIALtemple_mesh0557,8536,1917,-0.0916
RESIDENTIALtemple_mesh1136,963,731,-0.0443
RESIDENTIALtemple_mesh1835,665,222,-0.0767
RESIDENTIALtemple_mesh1943,916,213,-0.0871
RESIDENTIALvilla_mesh0012,944,680,-0.0174
RESIDENTIALvilla_mesh0017,406,136,-0.0805
RESIDENTIALvilla_mesh0047,15482,1740,-0.2927
RESIDENTIALvilla_mesh0056,4142,1378,-0.1001
RESIDENTIALvilla_mesh0073,1050,250,-0.0678
RESIDENTIALvilla_mesh0092,892,431,-0.0291
RESIDENTIALvilla_mesh0104,1312,273,-0.0543
RESIDENTIALvilla_mesh0112,2075,1361,-0.0943
RESIDENTIALvilla_mesh0119,1190,365,-0.0940
RESIDENTIALvilla_mesh0157,5224,512,-0.2216
RESIDENTIALvilla_mesh0178,1442,487,-0.0298
RESIDENTIALvilla_mesh0183,1510,366,-0.0276
RESIDENTIALvilla_mesh0196,707,338,-0.0855
RESIDENTIALvilla_mesh0222,20162,942,-0.2584
RESIDENTIALvilla_mesh0247,6903,1614,-0.1030
RESIDENTIALvilla_mesh0258,5396,2205,-0.1189
RESIDENTIALvilla_mesh0279,1245,257,-0.1406
RESIDENTIALvilla_mesh0353,3161,340,-0.1003
RESIDENTIALvilla_mesh0368,443,172,-0.0404
RESIDENTIALvilla_mesh0417,285,158,-0.0122
RESIDENTIALvilla_mesh0439,5299,677,-0.2022
RESIDENTIALvilla_mesh0448,2774,606,-0.1405
RESIDENTIALvilla_mesh0476,3496,874,-0.1000
RESIDENTIALvilla_mesh0493,5178,856,-0.1443
RESIDENTIALvilla_mesh0495,1652,522,-0.0943
RESIDENTIALvilla_mesh0498,845,464,-0.0647
RESIDENTIALvilla_mesh0526,12953,2209,-0.1444
RESIDENTIALvilla_mesh0571,14471,829,-0.2307
RESIDENTIALvilla_mesh0608,746,184,-0.0412
RESIDENTIALvilla_mesh0615,24580,1549,-0.3285
RESIDENTIALvilla_mesh0639,134,95,-0.0406
RESIDENTIALvilla_mesh0646,33224,1690,-0.3375
RESIDENTIALvilla_mesh0649,454,201,-0.0403
RESIDENTIALvilla_mesh0656,592,207,-0.0190
RESIDENTIALvilla_mesh0659,1613,509,-0.0434
RESIDENTIALvilla_mesh0667,577,237,-0.0433
RESIDENTIALvilla_mesh0709,262,177,-0.0094
RESIDENTIALvilla_mesh0710,10595,842,-0.3504
RESIDENTIALvilla_mesh0743,14333,1245,-0.3428
RESIDENTIALvilla_mesh0769,1035,520,-0.0390
RESIDENTIALvilla_mesh0785,2144,335,-0.1738
RESIDENTIALvilla_mesh0801,948,188,-0.0946
RESIDENTIALvilla_mesh0823,1008,533,-0.0529
RESIDENTIALvilla_mesh0831,6528,1763,-0.0361
RESIDENTIALvilla_mesh0844,24650,1466,-0.3887
RESIDENTIALvilla_mesh0874,433,258,-0.0113
RESIDENTIALvilla_mesh0903,4263,1429,-0.1423
RESIDENTIALvilla_mesh0908,3799,753,-0.1622
RESIDENTIALvilla_mesh0923,4191,688,-0.1422
RESIDENTIALvilla_mesh0978,5367,1057,-0.1514
RESIDENTIALvilla_mesh0983,1543,771,-0.0518
RESIDENTIALvilla_mesh1002,431,194,-0.0618
RESIDENTIALvilla_mesh1009,1677,905,-0.0572
RESIDENTIALvilla_mesh1013,5114,845,-0.1793
RESIDENTIALvilla_mesh1023,13816,1296,-0.2559
RESIDENTIALvilla_mesh1029,2629,1016,-0.0670
RESIDENTIALvilla_mesh1035,1331,540,-0.0806
RESIDENTIALvilla_mesh1043,227,174,-0.0275
RESIDENTIALvilla_mesh1044,2080,532,-0.0912
RESIDENTIALvilla_mesh1050,857,323,-0.0872
RESIDENTIALvilla_mesh1056,3803,1100,-0.1380
RESIDENTIALvilla_mesh1061,1678,438,-0.0943
RESIDENTIALvilla_mesh1071,339,75,-0.0667
RESIDENTIALvilla_mesh1089,581,124,-0.0534
RESIDENTIALvilla_mesh1103,9211,841,-0.2204
RESIDENTIALvilla_mesh1159,1834,346,-0.0376
RESIDENTIALvilla_mesh1167,1764,357,-0.0756
RESIDENTIALvilla_mesh1180,5757,1074,-0.1326
RESIDENTIALvilla_mesh1230,408,163,-0.0422
RESIDENTIALvilla_mesh1258,1465,489,-0.0754
RESIDENTIALvilla_mesh1261,789,333,-0.0468
RESIDENTIALvilla_mesh1277,197,120,-0.0296
RESIDENTIALvilla_mesh1281,1439,298,-0.0966
RESIDENTIALvilla_mesh1288,1052,770,-0.0612
RESIDENTIALvilla_mesh1290,3097,522,-0.1093
RESIDENTIALvilla_mesh1310,25971,1198,-0.3556
RESIDENTIALvilla_mesh1326,9310,1681,-0.1642
RESIDENTIALvilla_mesh1337,561,261,-0.0550
RESIDENTIALvilla_mesh1345,2850,913,-0.0504
RESIDENTIALvilla_mesh1362,16034,1128,-0.2544
RESIDENTIALvilla_mesh1398,211,150,-0.0195
RESIDENTIALvilla_mesh1410,400,138,-0.0179
RESIDENTIALvilla_mesh1432,1223,356,-0.0591
RESIDENTIALvilla_mesh1457,3534,793,-0.1109
RESIDENTIALvilla_mesh1458,1937,595,-0.0338
RESIDENTIALvilla_mesh1480,8868,1239,-0.1701
RESIDENTIALvilla_mesh1499,1021,393,-0.0751
RESIDENTIALvilla_mesh1509,729,286,-0.0412
RESIDENTIALvilla_mesh1526,2118,953,-0.0442
RESIDENTIALvilla_mesh1527,1581,651,-0.0963
RESIDENTIALvilla_mesh1552,4594,548,-0.1388
RESIDENTIALvilla_mesh1583,6306,952,-0.1987
RESIDENTIALvilla_mesh1609,1903,787,-0.0421
RESIDENTIALvilla_mesh1614,1039,364,-0.1285
RESIDENTIALvilla_mesh1617,2613,1339,-0.0572
RESIDENTIALvilla_mesh1626,170,143,-0.0249
RESIDENTIALvilla_mesh1634,2309,752,-0.0192
RESIDENTIALvilla_mesh1642,627,190,-0.0373
RESIDENTIALvilla_mesh1674,698,411,-0.0559
RESIDENTIALvilla_mesh1699,488,309,-0.0262
RESIDENTIALvilla_mesh1702,1607,335,-0.0977
RESIDENTIALvilla_mesh1714,6024,733,-0.2176
RESIDENTIALvilla_mesh1739,524,302,-0.0487
RESIDENTIALvilla_mesh1755,199,162,-0.0266
RESIDENTIALvilla_mesh1762,14593,935,-0.2661
RESIDENTIALvilla_mesh1764,851,399,-0.0271
RESIDENTIALvilla_mesh1794,240,102,-0.0500
RESIDENTIALvilla_mesh1795,5304,1720,-0.1401
RESIDENTIALvilla_mesh1796,4310,1239,-0.0907
RESIDENTIALvilla_mesh1818,3006,742,-0.1280
RESIDENTIALvilla_mesh1869,1003,359,-0.0694
RESIDENTIALvilla_mesh1946,647,116,-0.0952
RESIDENTIALvilla_mesh1969,4039,613,-0.1825
RESIDENTIALvilla_mesh1981,1051,192,-0.0200
RESIDENTIALvilla_mesh2039,890,283,-0.0703
RESIDENTIALvilla_mesh2077,4367,839,-0.1741
RESIDENTIALvilla_mesh2078,10039,1634,-0.0926
RESIDENTIALvilla_mesh2079,8040,637,-0.1855
RESIDENTIALvilla_mesh2082,637,224,-0.0789
RESIDENTIALvilla_mesh2102,20772,1292,-0.3414
RESIDENTIALvilla_mesh2165,1492,359,-0.0834
RESIDENTIALvilla_mesh2225,2800,687,-0.1178
RESIDENTIALvilla_mesh2260,20308,1351,-0.3413
RESIDENTIALvilla_mesh2297,5586,1191,-0.1399
RESIDENTIALvilla_mesh2302,199,148,-0.0294
RESIDENTIALvilla_mesh2356,299,152,-0.0348
RESIDENTIALvilla_mesh2377,1456,208,-0.1269
RESIDENTIALvilla_mesh2379,2032,546,-0.0969
RESIDENTIALvilla_mesh2384,9836,966,-0.1672
RESIDENTIALvilla_mesh2394,106,65,-0.0191
RESIDENTIALvilla_mesh2432,7012,1551,-0.1133
RESIDENTIALvilla_mesh2451,12481,761,-0.3046
RESIDENTIALvilla_mesh2463,176,97,-0.0389
RESIDENTIALvilla_mesh2471,8383,789,-0.1893
RESIDENTIALvilla_mesh2480,721,170,-0.0940
RESIDENTIALvilla_mesh2484,4232,886,-0.1093
RESIDENTIALvilla_mesh2485,1390,341,-0.1140
RESIDENTIALvilla_mesh2493,4638,581,-0.1224
RESIDENTIALvilla_mesh2517,774,263,-0.0953
RESIDENTIALvilla_mesh2537,290,182,-0.0403
RESIDENTIALvilla_mesh2583,18362,1117,-0.3252
RESIDENTIALvilla_mesh2591,2354,1118,-0.0519
RESIDENTIALvilla_mesh2603,1335,782,-0.0254
RESIDENTIALvilla_mesh2615,1439,365,-0.0885
RESIDENTIALvilla_mesh2639,1327,334,-0.0958
RESIDENTIALvilla_mesh2690,43592,1996,-0.4124
RESIDENTIALvilla_mesh2725,5550,683,-0.1646
RESIDENTIALvilla_mesh2726,145,127,-0.0092
RESIDENTIALvilla_mesh2735,50221,2110,-0.3289
RESIDENTIALvilla_mesh2736,2819,671,-0.0871
RESIDENTIALvilla_mesh2750,7391,1318,-0.0567
RESIDENTIALvilla_mesh2775,1522,277,-0.1766
RESIDENTIALvilla_mesh2778,3110,513,-0.1374
RESIDENTIALvilla_mesh2801,830,296,-0.0553
RESIDENTIALvilla_mesh2805,997,330,-0.0800
RESIDENTIALvilla_mesh2816,3820,1241,-0.0921
RESIDENTIALvilla_mesh2826,12783,1203,-0.2604
RESIDENTIALvilla_mesh2832,6499,1271,-0.2067
RESIDENTIALvilla_mesh2855,392,172,-0.0280
RESIDENTIALvilla_mesh2872,8550,1408,-0.1321
RESIDENTIALvilla_mesh2875,3556,1189,-0.1049
RESIDENTIALvilla_mesh2881,2087,765,-0.0196
RESIDENTIALvilla_mesh2900,1456,688,-0.0435
RESIDENTIALvilla_mesh2926,3697,719,-0.0567
RESIDENTIALvilla_mesh2972,3122,723,-0.0640
RESIDENTIALvilla_mesh2979,21853,1679,-0.1330
RESIDENTIALvilla_mesh2996,1635,421,-0.0890
RESIDENTIALvilla_mesh2997,22869,2009,-0.2628
RESIDENTIALvilla_mesh3025,485,190,-0.0678
RESIDENTIALvilla_mesh3045,2043,616,-0.1246
RESIDENTIALvilla_mesh3082,10301,1421,-0.2479
RESIDENTIALvilla_mesh3101,1659,633,-0.0440
RESIDENTIALvilla_mesh3108,625,342,-0.0386
RESIDENTIALvilla_mesh3119,1014,706,-0.0777
RESIDENTIALvilla_mesh3161,2131,509,-0.1192
RESIDENTIALvilla_mesh3171,2223,1087,-0.0422
RESIDENTIALvilla_mesh3193,117,28,-0.0047
RESIDENTIALvilla_mesh3202,6232,781,-0.1697
RESIDENTIALvilla_mesh3222,577,251,-0.0328
RESIDENTIALvilla_mesh3236,1906,674,-0.0897
RESIDENTIALvilla_mesh3265,1534,399,-0.0852
RESIDENTIALvilla_mesh3275,41,32,-0.0086
RESIDENTIALvilla_mesh3333,917,213,-0.0144
RESIDENTIALvilla_mesh3334,7367,1669,-0.0787
RESIDENTIALvilla_mesh3339,21888,1418,-0.3939
RESIDENTIALvilla_mesh3347,9777,1043,-0.2816
RESIDENTIALvilla_mesh3354,1845,276,-0.1267
RESIDENTIALvilla_mesh3359,1516,392,-0.1229
RESIDENTIALvilla_mesh3373,153,106,-0.0211
RESIDENTIALvilla_mesh3381,10943,1813,-0.1894
RESIDENTIALvilla_mesh3422,2891,259,-0.1274
RESIDENTIALvilla_mesh3445,591,372,-0.0299
RESIDENTIALvilla_mesh3471,55,39,-0.0209
RESIDENTIALvilla_mesh3487,465,158,-0.0540
RESIDENTIALvilla_mesh3488,6920,1515,-0.0599
RESIDENTIALvilla_mesh3500,632,403,-0.0331
RESIDENTIALvilla_mesh3515,2663,341,-0.1522
RESIDENTIALvilla_mesh3520,9252,1604,-0.0670
RESIDENTIALvilla_mesh3523,1283,291,-0.0745
RESIDENTIALvilla_mesh3524,5628,1141,-0.0626
RESIDENTIALvilla_mesh3525,994,194,-0.0883
RESIDENTIALvilla_mesh3541,3701,614,-0.0938
RESIDENTIALvilla_mesh3556,72,40,-0.0355
RESIDENTIALvilla_mesh3564,606,197,-0.1061
RESIDENTIALvilla_mesh3621,644,315,-0.0425
RESIDENTIALvilla_mesh3665,2539,910,-0.0605
RESIDENTIALvilla_mesh3669,5474,513,-0.1488
RESIDENTIALvilla_mesh3671,3340,1198,-0.0535
RESIDENTIALvilla_mesh3696,2273,533,-0.1226
RESIDENTIALvilla_mesh3704,2411,408,-0.1238
RESIDENTIALvilla_mesh3705,587,309,-0.0426
RESIDENTIALvilla_mesh3736,405,182,-0.0313
RESIDENTIALvilla_mesh3737,25868,1368,-0.4265
RESIDENTIALvilla_mesh3748,1557,823,-0.0398
RESIDENTIALvilla_mesh3755,189,88,-0.0432
RESIDENTIALvilla_mesh3796,1297,792,-0.0620
RESIDENTIALvilla_mesh3812,699,353,-0.1284
RESIDENTIALvilla_mesh3843,1024,653,-0.0707
RESIDENTIALvilla_mesh3861,846,496,-0.0250
RESIDENTIALvilla_mesh3870,285,173,-0.0102
RESIDENTIALvilla_mesh3876,1427,513,-0.0592
RESIDENTIALvilla_mesh3888,2218,525,-0.0828
RESIDENTIALvilla_mesh3938,720,379,-0.0340
RESIDENTIALvilla_mesh3942,519,131,-0.0864
RESIDENTIALvilla_mesh4019,528,307,-0.0471
RESIDENTIALvilla_mesh4050,1149,478,-0.0548
RESIDENTIALvilla_mesh4062,33583,1825,-0.3208
RESIDENTIALvilla_mesh4063,12616,1198,-0.2379
RESIDENTIALvilla_mesh4067,35059,1626,-0.3482
RESIDENTIALvilla_mesh4069,18997,1570,-0.2623
RESIDENTIALvilla_mesh4070,30741,1710,-0.3684
RESIDENTIALvilla_mesh4074,25449,1218,-0.3800
RESIDENTIALvilla_mesh4092,6266,649,-0.1858
RESIDENTIALvilla_mesh4095,3343,413,-0.1691
RESIDENTIALvilla_mesh4133,2147,475,-0.1052
RESIDENTIALvilla_mesh4137,7132,2401,-0.1720
RESIDENTIALvilla_mesh4156,1696,416,-0.0886
RESIDENTIALvilla_mesh4160,2149,583,-0.1063
RESIDENTIALvilla_mesh4161,6367,1547,-0.2174
RESIDENTIALvilla_mesh4209,192,87,-0.0217
RESIDENTIALvilla_mesh4215,1844,307,-0.1148
RESIDENTIALvilla_mesh4220,1541,269,-0.1061
RESIDENTIALvilla_mesh4232,311,228,-0.0143
RESIDENTIALvilla_mesh4241,4918,587,-0.1660
RESIDENTIALvilla_mesh4254,42,32,-0.0168
RESIDENTIALvilla_mesh4262,2408,820,-0.0913
RESIDENTIALvilla_mesh4268,6661,2205,-0.0780
RESIDENTIALvilla_mesh4272,4024,897,-0.1295
RESIDENTIALvilla_mesh4287,4099,2107,-0.1296
RESIDENTIALvilla_mesh4304,15610,1236,-0.2230
RESIDENTIALvilla_mesh4310,969,318,-0.0519
RESIDENTIALvilla_mesh4313,15890,1095,-0.3446
RESIDENTIALvilla_mesh4317,2631,1247,-0.1339
RESIDENTIALvilla_mesh4324,714,159,-0.0906
RESIDENTIALvilla_mesh4363,2526,1167,-0.0543
RESIDENTIALvilla_mesh4384,1520,492,-0.0654
RESIDENTIALvilla_mesh4401,75,42,-0.0274
RESIDENTIALvilla_mesh4442,1031,215,-0.0961
RESIDENTIALvilla_mesh4450,324,190,-0.0418
RESIDENTIALvilla_mesh4479,1002,706,-0.0547
RESIDENTIALvilla_mesh4490,24182,1382,-0.3200
RESIDENTIALvilla_mesh4492,3776,582,-0.1638
RESIDENTIALvilla_mesh4493,1407,693,-0.0220
RESIDENTIALvilla_mesh4497,854,275,-0.0700
RESIDENTIALvilla_mesh4517,1343,545,-0.0469
RESIDENTIALvilla_mesh4523,859,446,-0.0370
RESIDENTIALvilla_mesh4538,1844,267,-0.1067
RESIDENTIALvilla_mesh4546,21407,1713,-0.2682
RESIDENTIALvilla_mesh4561,2849,408,-0.1326
RESIDENTIALvilla_mesh4564,311,256,-0.0426
RESIDENTIALvilla_mesh4574,999,186,-0.1130
RESIDENTIALvilla_mesh4594,107,37,-0.0490
RESIDENTIALvilla_mesh4619,6027,1617,-0.1899
RESIDENTIALvilla_mesh4662,6958,1277,-0.0997
RESIDENTIALvilla_mesh4663,17020,1388,-0.3153
RESIDENTIALvilla_mesh4686,10438,1248,-0.2389
RESIDENTIALvilla_mesh4695,11689,1535,-0.1712
RESIDENTIALvilla_mesh4710,736,455,-0.0218
RESIDENTIALvilla_mesh4725,12587,1219,-0.2227
RESIDENTIALvilla_mesh4731,512,241,-0.0719
RESIDENTIALvilla_mesh4766,1353,536,-0.1050
RESIDENTIALvilla_mesh4796,306,146,-0.0104
RESIDENTIALvilla_mesh4798,284,167,-0.0195
RESIDENTIALvilla_mesh4829,676,181,-0.0823
RESIDENTIALvilla_mesh4855,4676,779,-0.1214
RESIDENTIALvilla_mesh4858,11626,1617,-0.2369
RESIDENTIALvilla_mesh4860,1283,351,-0.1582
RESIDENTIALvilla_mesh4868,648,157,-0.0795
RESIDENTIALvilla_mesh4878,1842,577,-0.0513
RESIDENTIALvilla_mesh4881,576,318,-0.0319
RESIDENTIALvilla_mesh4911,2145,338,-0.1252
RESIDENTIALvilla_mesh4919,4891,1763,-0.0579
RESIDENTIALvilla_mesh4921,6799,634,-0.1836
RESIDENTIALvilla_mesh4942,499,379,-0.0240
RESIDENTIALvilla_mesh4947,7154,1450,-0.1662
RESIDENTIALvilla_mesh4954,635,519,-0.0111
RESIDENTIALvilla_mesh4964,3569,688,-0.1538
RESIDENTIALvilla_mesh5010,3150,2283,-0.1187
RESIDENTIALvilla_mesh5029,2069,501,-0.0958
RESIDENTIALvilla_mesh5078,881,263,-0.0905
RESIDENTIALvilla_mesh5089,9321,1121,-0.2415
RESIDENTIALvilla_mesh5104,2272,997,-0.0359
RESIDENTIALvilla_mesh5105,3405,1007,-0.0579
RESIDENTIALvilla_mesh5116,188,147,-0.0089
RESIDENTIALvilla_mesh5160,1466,641,-0.0593
RESIDENTIALvilla_mesh5174,3852,721,-0.1251
RESIDENTIALvilla_mesh5212,7991,817,-0.2293
RESIDENTIALvilla_mesh5236,1135,418,-0.0908
RESIDENTIALvilla_mesh5258,9243,1198,-0.2155
RESIDENTIALvilla_mesh5266,1429,495,-0.0850
RESIDENTIALvilla_mesh5272,26087,1514,-0.4348
RESIDENTIALvilla_mesh5284,5840,971,-0.1150
RESIDENTIALvilla_mesh5314,888,660,-0.0282
RESIDENTIALvilla_mesh5326,348,229,-0.0295
RESIDENTIALvilla_mesh5338,789,574,-0.0147
RESIDENTIALvilla_mesh5358,693,640,-0.0226
RESIDENTIALvilla_mesh5379,7033,816,-0.1720
RESIDENTIALvilla_mesh5389,2430,477,-0.1497
RESIDENTIALvilla_mesh5390,951,329,-0.0282
RESIDENTIALvilla_mesh5395,616,448,-0.0187
RESIDENTIALvilla_mesh5407,1479,371,-0.0340
RESIDENTIALvilla_mesh5408,2875,488,-0.0520
RESIDENTIALvilla_mesh5410,50013,1969,-0.4189
RESIDENTIALvilla_mesh5414,4149,616,-0.2002
RESIDENTIALvilla_mesh5434,260,47,-0.0797
RESIDENTIALvilla_mesh5436,513,292,-0.0337
RESIDENTIALvilla_mesh5439,1805,1081,-0.0996
RESIDENTIALvilla_mesh5454,695,245,-0.1009
RESIDENTIALvilla_mesh5458,1083,424,-0.0362
RESIDENTIALvilla_mesh5474,2147,711,-0.1644
RESIDENTIALvilla_mesh5507,2853,480,-0.1316
RESIDENTIALvilla_mesh5519,2008,669,-0.0745
RESIDENTIALvilla_mesh5522,664,307,-0.0535
RESIDENTIALvilla_mesh5589,11396,1709,-0.0885
RESIDENTIALvilla_mesh5604,6391,482,-0.2444
RESIDENTIALvilla_mesh5609,5447,1238,-0.1808
RESIDENTIALvilla_mesh5624,14090,1194,-0.2687
RESIDENTIALvilla_mesh5626,1494,315,-0.1194
RESIDENTIALvilla_mesh5629,65,56,-0.0055
RESIDENTIALvilla_mesh5633,14611,1499,-0.2666
RESIDENTIALvilla_mesh5648,1386,277,-0.1258
RESIDENTIALvilla_mesh5673,2412,682,-0.0200
RESIDENTIALvilla_mesh5685,2590,457,-0.1033
RESIDENTIALvilla_mesh5715,836,545,-0.0356
RESIDENTIALvilla_mesh5723,3364,1091,-0.1534
RESIDENTIALvilla_mesh5739,1306,717,-0.0699
RESIDENTIALvilla_mesh5768,482,339,-0.0182
RESIDENTIALvilla_mesh5782,382,151,-0.0110
RESIDENTIALvilla_mesh5788,4357,1800,-0.0297
RESIDENTIALvilla_mesh5803,1292,345,-0.1080
RESIDENTIALvilla_mesh5809,11893,801,-0.2956
RESIDENTIALvilla_mesh5819,1264,304,-0.1123
RESIDENTIALvilla_mesh5823,7713,925,-0.2064
RESIDENTIALvilla_mesh5826,2057,241,-0.1760
RESIDENTIALvilla_mesh5855,576,318,-0.0502
RESIDENTIALvilla_mesh5860,9341,1315,-0.1880
RESIDENTIALvilla_mesh5915,300,192,-0.0394
RESIDENTIALvilla_mesh5923,723,461,-0.0189
RESIDENTIALvilla_mesh5927,399,228,-0.0238
RESIDENTIALvilla_mesh5930,1556,677,-0.0789
RESIDENTIALvilla_mesh5934,2724,309,-0.1924
RESIDENTIALvilla_mesh5948,2725,629,-0.1510
RESIDENTIALvilla_mesh5970,11302,1106,-0.2353
RESIDENTIALvilla_mesh5986,2607,740,-0.0654
RESIDENTIALvilla_mesh6005,9677,467,-0.2508
RESIDENTIALvilla_mesh6029,618,487,-0.0148
RESIDENTIALvilla_mesh6047,900,178,-0.1042
RESIDENTIALvilla_mesh6062,3087,664,-0.1100
RESIDENTIALvilla_mesh6099,2162,407,-0.1310
RESIDENTIALvilla_mesh6181,488,161,-0.0492
RESIDENTIALvilla_mesh6329,15128,916,-0.3065
RESIDENTIALvilla_mesh6335,296,242,-0.0253
RESIDENTIALvilla_mesh6357,540,395,-0.0441
RESIDENTIALvilla_mesh6359,1531,278,-0.0177
RESIDENTIALvilla_mesh6402,924,552,-0.0295
RESIDENTIALvilla_mesh6487,20543,1114,-0.2459
